State,County name,CountyFIPS,Arthritis-Crude Prevalence
AL,AUTAUGA,01001,30.3
AL,BALDWIN,01003,31.9
AL,BARBOUR,01005,34.3
AL,BIBB,01007,30.4
AL,BLOUNT,01009,32.7
AL,BULLOCK,01011,32.7
AL,BUTLER,01013,37.6
AL,CALHOUN,01015,35.5
AL,CHAMBERS,01017,36.7
AL,CHEROKEE,01019,37.2
AL,CHILTON,01021,33.1
AL,CHOCTAW,01023,38.6
AL,CLARKE,01025,36.5
AL,CLAY,01027,35.5
AL,CLEBURNE,01029,33.7
AL,COFFEE,01031,30.9
AL,COLBERT,01033,33.1
AL,CONECUH,01035,40.2
AL,COOSA,01037,37.9
AL,COVINGTON,01039,35.9
AL,CRENSHAW,01041,34.8
AL,CULLMAN,01043,32.7
AL,DALE,01045,31.4
AL,DALLAS,01047,36.0
AL,DEKALB,01049,33.3
AL,ELMORE,01051,30.0
AL,ESCAMBIA,01053,34.7
AL,ETOWAH,01055,35.3
AL,FAYETTE,01057,35.7
AL,FRANKLIN,01059,31.2
AL,GENEVA,01061,35.4
AL,GREENE,01063,41.1
AL,HALE,01065,37.0
AL,HENRY,01067,35.7
AL,HOUSTON,01069,33.3
AL,JACKSON,01071,34.0
AL,JEFFERSON,01073,29.8
AL,LAMAR,01075,37.8
AL,LAUDERDALE,01077,34.8
AL,LAWRENCE,01079,34.4
AL,LEE,01081,24.8
AL,LIMESTONE,01083,31.3
AL,LOWNDES,01085,36.6
AL,MACON,01087,33.2
AL,MADISON,01089,27.0
AL,MARENGO,01091,36.1
AL,MARION,01093,35.3
AL,MARSHALL,01095,33.4
AL,MOBILE,01097,30.6
AL,MONROE,01099,35.7
AL,MONTGOMERY,01101,31.2
AL,MORGAN,01103,32.3
AL,PERRY,01105,35.7
AL,PICKENS,01107,34.7
AL,PIKE,01109,27.2
AL,RANDOLPH,01111,35.5
AL,RUSSELL,01113,31.3
AL,ST. CLAIR,01115,31.0
AL,SHELBY,01117,28.4
AL,SUMTER,01119,36.0
AL,TALLADEGA,01121,35.2
AL,TALLAPOOSA,01123,34.6
AL,TUSCALOOSA,01125,26.5
AL,WALKER,01127,38.5
AL,WASHINGTON,01129,33.1
AL,WILCOX,01131,39.5
AL,WINSTON,01133,36.8
AK,ALEUTIANS EAST BOROUGH,02013,15.7
AK,ALEUTIANS WEST CENSUS AREA,02016,15.2
AK,ANCHORAGE BOROUGH,02020,17.8
AK,BETHEL CENSUS AREA,02050,21.8
AK,BRISTOL BAY BOROUGH,02060,22.0
AK,DENALI BOROUGH,02068,19.4
AK,DILLINGHAM CENSUS AREA,02070,24.7
AK,FAIRBANKS NORTH STAR BOROUGH,02090,17.2
AK,HAINES BOROUGH,02100,26.6
AK,HOONAH-ANGOON CENSUS AREA,02105,28.8
AK,JUNEAU BOROUGH,02110,20.6
AK,KENAI PENINSULA BOROUGH,02122,22.4
AK,KETCHIKAN GATEWAY BOROUGH,02130,22.9
AK,KODIAK ISLAND BOROUGH,02150,18.5
AK,WADE HAMPTON CENSUS AREA,02158,25.0
AK,LAKE AND PENINSULA BOROUGH,02164,23.8
AK,MATANUSKA-SUSITNA BOROUGH,02170,22.9
AK,NOME CENSUS AREA,02180,23.7
AK,NORTH SLOPE BOROUGH,02185,19.2
AK,NORTHWEST ARCTIC BOROUGH,02188,22.7
AK,PETERSBURG CENSUS AREA,02195,23.0
AK,PRINCE OF WALES-HYDER CENSUS AREA,02198,26.6
AK,SITKA BOROUGH,02220,23.1
AK,SKAGWAY MUNICIPALITY,02230,18.6
AK,SOUTHEAST FAIRBANKS CENSUS AREA,02240,23.6
AK,VALDEZ-CORDOVA CENSUS AREA,02261,21.9
AK,WRANGELL CITY AND BOROUGH,02275,26.6
AK,YAKUTAT BOROUGH,02282,24.3
AK,YUKON-KOYUKUK CENSUS AREA,02290,25.6
AZ,APACHE,04001,29.1
AZ,COCHISE,04003,26.3
AZ,COCONINO,04005,21.7
AZ,GILA,04007,31.6
AZ,GRAHAM,04009,24.0
AZ,GREENLEE,04011,21.5
AZ,LA PAZ,04012,33.7
AZ,MARICOPA,04013,21.2
AZ,MOHAVE,04015,32.2
AZ,NAVAJO,04017,28.5
AZ,PIMA,04019,22.7
AZ,PINAL,04021,26.6
AZ,SANTA CRUZ,04023,23.9
AZ,YAVAPAI,04025,31.2
AZ,YUMA,04027,23.8
AR,ARKANSAS,05001,29.9
AR,ASHLEY,05003,30.7
AR,BAXTER,05005,34.9
AR,BENTON,05007,24.1
AR,BOONE,05009,33.4
AR,BRADLEY,05011,31.6
AR,CALHOUN,05013,31.3
AR,CARROLL,05015,30.7
AR,CHICOT,05017,33.6
AR,CLARK,05019,25.8
AR,CLAY,05021,32.7
AR,CLEBURNE,05023,33.1
AR,CLEVELAND,05025,31.2
AR,COLUMBIA,05027,28.4
AR,CONWAY,05029,31.4
AR,CRAIGHEAD,05031,26.2
AR,CRAWFORD,05033,30.8
AR,CRITTENDEN,05035,27.6
AR,CROSS,05037,31.2
AR,DALLAS,05039,33.1
AR,DESHA,05041,34.3
AR,DREW,05043,28.2
AR,FAULKNER,05045,22.1
AR,FRANKLIN,05047,30.0
AR,FULTON,05049,35.4
AR,GARLAND,05051,31.5
AR,GRANT,05053,26.8
AR,GREENE,05055,27.6
AR,HEMPSTEAD,05057,32.3
AR,HOT SPRING,05059,29.5
AR,HOWARD,05061,31.1
AR,INDEPENDENCE,05063,29.0
AR,IZARD,05065,34.4
AR,JACKSON,05067,30.2
AR,JEFFERSON,05069,28.0
AR,JOHNSON,05071,29.7
AR,LAFAYETTE,05073,33.2
AR,LAWRENCE,05075,32.0
AR,LEE,05077,29.9
AR,LINCOLN,05079,26.6
AR,LITTLE RIVER,05081,32.4
AR,LOGAN,05083,31.6
AR,LONOKE,05085,25.6
AR,MADISON,05087,31.4
AR,MARION,05089,36.6
AR,MILLER,05091,28.0
AR,MISSISSIPPI,05093,31.5
AR,MONROE,05095,35.9
AR,MONTGOMERY,05097,34.8
AR,NEVADA,05099,34.8
AR,NEWTON,05101,34.0
AR,OUACHITA,05103,33.6
AR,PERRY,05105,30.3
AR,PHILLIPS,05107,33.0
AR,PIKE,05109,31.4
AR,POINSETT,05111,30.5
AR,POLK,05113,32.4
AR,POPE,05115,26.1
AR,PRAIRIE,05117,33.8
AR,PULASKI,05119,27.0
AR,RANDOLPH,05121,31.4
AR,ST. FRANCIS,05123,30.3
AR,SALINE,05125,27.5
AR,SCOTT,05127,31.5
AR,SEARCY,05129,36.0
AR,SEBASTIAN,05131,27.4
AR,SEVIER,05133,29.1
AR,SHARP,05135,35.1
AR,STONE,05137,35.6
AR,UNION,05139,29.1
AR,VAN BUREN,05141,35.7
AR,WASHINGTON,05143,21.3
AR,WHITE,05145,25.7
AR,WOODRUFF,05147,34.4
AR,YELL,05149,30.1
CA,ALAMEDA,06001,17.8
CA,ALPINE,06003,29.3
CA,AMADOR,06005,26.7
CA,BUTTE,06007,22.9
CA,CALAVERAS,06009,28.0
CA,COLUSA,06011,20.9
CA,CONTRA COSTA,06013,20.7
CA,DEL NORTE,06015,25.4
CA,EL DORADO,06017,23.7
CA,FRESNO,06019,19.8
CA,GLENN,06021,23.2
CA,HUMBOLDT,06023,23.1
CA,IMPERIAL,06025,20.0
CA,INYO,06027,26.9
CA,KERN,06029,20.7
CA,KINGS,06031,17.5
CA,LAKE,06033,28.2
CA,LASSEN,06035,20.0
CA,LOS ANGELES,06037,17.6
CA,MADERA,06039,21.9
CA,MARIN,06041,23.6
CA,MARIPOSA,06043,27.9
CA,MENDOCINO,06045,25.6
CA,MERCED,06047,19.9
CA,MODOC,06049,28.1
CA,MONO,06051,21.1
CA,MONTEREY,06053,18.5
CA,NAPA,06055,20.2
CA,NEVADA,06057,27.9
CA,ORANGE,06059,16.4
CA,PLACER,06061,23.9
CA,PLUMAS,06063,30.1
CA,RIVERSIDE,06065,20.3
CA,SACRAMENTO,06067,22.5
CA,SAN BENITO,06069,20.0
CA,SAN BERNARDINO,06071,19.9
CA,SAN DIEGO,06073,17.7
CA,SAN FRANCISCO,06075,16.4
CA,SAN JOAQUIN,06077,21.1
CA,SAN LUIS OBISPO,06079,22.9
CA,SAN MATEO,06081,16.4
CA,SANTA BARBARA,06083,18.7
CA,SANTA CLARA,06085,13.8
CA,SANTA CRUZ,06087,20.1
CA,SHASTA,06089,27.7
CA,SIERRA,06091,29.5
CA,SISKIYOU,06093,28.2
CA,SOLANO,06095,20.8
CA,SONOMA,06097,22.2
CA,STANISLAUS,06099,22.3
CA,SUTTER,06101,21.3
CA,TEHAMA,06103,24.5
CA,TRINITY,06105,30.4
CA,TULARE,06107,19.6
CA,TUOLUMNE,06109,26.6
CA,VENTURA,06111,20.0
CA,YOLO,06113,17.6
CA,YUBA,06115,21.7
CO,ADAMS,08001,21.5
CO,ALAMOSA,08003,20.2
CO,ARAPAHOE,08005,21.1
CO,ARCHULETA,08007,29.0
CO,BACA,08009,31.4
CO,BENT,08011,24.3
CO,BOULDER,08013,19.9
CO,BROOMFIELD,08014,21.3
CO,CHAFFEE,08015,26.2
CO,CHEYENNE,08017,26.5
CO,CLEAR CREEK,08019,25.7
CO,CONEJOS,08021,27.1
CO,COSTILLA,08023,30.4
CO,CROWLEY,08025,22.7
CO,CUSTER,08027,34.9
CO,DELTA,08029,30.5
CO,DENVER,08031,18.5
CO,DOLORES,08033,31.6
CO,DOUGLAS,08035,19.6
CO,EAGLE,08037,18.2
CO,ELBERT,08039,25.9
CO,EL PASO,08041,22.3
CO,FREMONT,08043,25.6
CO,GARFIELD,08045,21.7
CO,GILPIN,08047,26.1
CO,GRAND,08049,23.1
CO,GUNNISON,08051,20.7
CO,HINSDALE,08053,29.6
CO,HUERFANO,08055,32.2
CO,JACKSON,08057,27.5
CO,JEFFERSON,08059,23.6
CO,KIOWA,08061,29.9
CO,KIT CARSON,08063,25.8
CO,LAKE,08065,21.2
CO,LA PLATA,08067,21.7
CO,LARIMER,08069,21.4
CO,LAS ANIMAS,08071,28.2
CO,LINCOLN,08073,24.9
CO,LOGAN,08075,24.5
CO,MESA,08077,24.1
CO,MINERAL,08079,30.4
CO,MOFFAT,08081,24.5
CO,MONTEZUMA,08083,27.7
CO,MONTROSE,08085,27.6
CO,MORGAN,08087,25.7
CO,OTERO,08089,28.2
CO,OURAY,08091,29.4
CO,PARK,08093,26.3
CO,PHILLIPS,08095,28.4
CO,PITKIN,08097,22.2
CO,PROWERS,08099,25.3
CO,PUEBLO,08101,29.1
CO,RIO BLANCO,08103,24.6
CO,RIO GRANDE,08105,26.4
CO,ROUTT,08107,20.5
CO,SAGUACHE,08109,31.2
CO,SAN JUAN,08111,28.8
CO,SAN MIGUEL,08113,22.4
CO,SEDGWICK,08115,29.7
CO,SUMMIT,08117,18.7
CO,TELLER,08119,28.4
CO,WASHINGTON,08121,27.0
CO,WELD,08123,21.9
CO,YUMA,08125,25.6
CT,FAIRFIELD,09001,22.4
CT,HARTFORD,09003,24.8
CT,LITCHFIELD,09005,29.5
CT,MIDDLESEX,09007,27.6
CT,NEW HAVEN,09009,24.5
CT,NEW LONDON,09011,24.5
CT,TOLLAND,09013,24.2
CT,WINDHAM,09015,26.5
DE,KENT,10001,27.3
DE,NEW CASTLE,10003,23.7
DE,SUSSEX,10005,33.0
DC,DISTRICT OF COLUMBIA,11001,18.0
FL,ALACHUA,12001,20.2
FL,BAKER,12003,24.6
FL,BAY,12005,27.5
FL,BRADFORD,12007,25.7
FL,BREVARD,12009,28.5
FL,BROWARD,12011,22.6
FL,CALHOUN,12013,27.5
FL,CHARLOTTE,12015,36.2
FL,CITRUS,12017,35.3
FL,CLAY,12019,24.8
FL,COLLIER,12021,27.6
FL,COLUMBIA,12023,26.8
FL,DESOTO,12027,27.3
FL,DIXIE,12029,30.1
FL,DUVAL,12031,25.4
FL,ESCAMBIA,12033,24.8
FL,FLAGLER,12035,30.2
FL,FRANKLIN,12037,27.5
FL,GADSDEN,12039,28.2
FL,GILCHRIST,12041,27.9
FL,GLADES,12043,29.6
FL,GULF,12045,26.1
FL,HAMILTON,12047,26.8
FL,HARDEE,12049,25.5
FL,HENDRY,12051,23.9
FL,HERNANDO,12053,33.2
FL,HIGHLANDS,12055,34.4
FL,HILLSBOROUGH,12057,22.8
FL,HOLMES,12059,28.5
FL,INDIAN RIVER,12061,31.6
FL,JACKSON,12063,27.3
FL,JEFFERSON,12065,28.9
FL,LAFAYETTE,12067,23.4
FL,LAKE,12069,30.8
FL,LEE,12071,29.7
FL,LEON,12073,19.7
FL,LEVY,12075,32.3
FL,LIBERTY,12077,22.8
FL,MADISON,12079,28.9
FL,MANATEE,12081,27.7
FL,MARION,12083,31.5
FL,MARTIN,12085,29.9
FL,MIAMI-DADE,12086,20.9
FL,MONROE,12087,25.8
FL,NASSAU,12089,28.0
FL,OKALOOSA,12091,23.7
FL,OKEECHOBEE,12093,29.1
FL,ORANGE,12095,21.2
FL,OSCEOLA,12097,22.4
FL,PALM BEACH,12099,26.5
FL,PASCO,12101,27.9
FL,PINELLAS,12103,28.3
FL,POLK,12105,27.1
FL,PUTNAM,12107,32.6
FL,ST. JOHNS,12109,24.5
FL,ST. LUCIE,12111,28.7
FL,SANTA ROSA,12113,25.7
FL,SARASOTA,12115,31.6
FL,SEMINOLE,12117,22.6
FL,SUMTER,12119,39.5
FL,SUWANNEE,12121,29.3
FL,TAYLOR,12123,26.7
FL,UNION,12125,23.8
FL,VOLUSIA,12127,29.3
FL,WAKULLA,12129,23.4
FL,WALTON,12131,27.3
FL,WASHINGTON,12133,26.6
GA,APPLING,13001,28.8
GA,ATKINSON,13003,27.4
GA,BACON,13005,26.9
GA,BAKER,13007,31.2
GA,BALDWIN,13009,27.0
GA,BANKS,13011,28.0
GA,BARROW,13013,24.6
GA,BARTOW,13015,25.7
GA,BEN HILL,13017,32.1
GA,BERRIEN,13019,29.3
GA,BIBB,13021,26.5
GA,BLECKLEY,13023,28.0
GA,BRANTLEY,13025,28.6
GA,BROOKS,13027,31.1
GA,BRYAN,13029,23.2
GA,BULLOCH,13031,21.8
GA,BURKE,13033,29.9
GA,BUTTS,13035,26.2
GA,CALHOUN,13037,29.0
GA,CAMDEN,13039,22.7
GA,CANDLER,13043,30.6
GA,CARROLL,13045,24.7
GA,CATOOSA,13047,28.0
GA,CHARLTON,13049,24.0
GA,CHATHAM,13051,23.8
GA,CHATTAHOOCHEE,13053,11.2
GA,CHATTOOGA,13055,29.7
GA,CHEROKEE,13057,23.2
GA,CLARKE,13059,20.5
GA,CLAY,13061,39.5
GA,CLAYTON,13063,23.2
GA,CLINCH,13065,29.5
GA,COBB,13067,21.2
GA,COFFEE,13069,25.9
GA,COLQUITT,13071,26.8
GA,COLUMBIA,13073,22.8
GA,COOK,13075,28.5
GA,COWETA,13077,23.7
GA,CRAWFORD,13079,28.9
GA,CRISP,13081,31.5
GA,DADE,13083,26.1
GA,DAWSON,13085,26.6
GA,DECATUR,13087,29.0
GA,DEKALB,13089,20.7
GA,DODGE,13091,27.7
GA,DOOLY,13093,30.2
GA,DOUGHERTY,13095,28.8
GA,DOUGLAS,13097,23.5
GA,EARLY,13099,31.9
GA,ECHOLS,13101,25.4
GA,EFFINGHAM,13103,22.6
GA,ELBERT,13105,29.6
GA,EMANUEL,13107,29.1
GA,EVANS,13109,28.5
GA,FANNIN,13111,33.8
GA,FAYETTE,13113,25.0
GA,FLOYD,13115,25.9
GA,FORSYTH,13117,21.4
GA,FRANKLIN,13119,30.3
GA,FULTON,13121,21.5
GA,GILMER,13123,31.0
GA,GLASCOCK,13125,28.9
GA,GLYNN,13127,29.1
GA,GORDON,13129,26.7
GA,GRADY,13131,31.6
GA,GREENE,13133,34.6
GA,GWINNETT,13135,20.7
GA,HABERSHAM,13137,27.0
GA,HALL,13139,25.6
GA,HANCOCK,13141,32.0
GA,HARALSON,13143,27.4
GA,HARRIS,13145,26.8
GA,HART,13147,30.6
GA,HEARD,13149,28.5
GA,HENRY,13151,23.1
GA,HOUSTON,13153,25.3
GA,IRWIN,13155,30.0
GA,JACKSON,13157,24.2
GA,JASPER,13159,29.9
GA,JEFF DAVIS,13161,28.3
GA,JEFFERSON,13163,31.9
GA,JENKINS,13165,29.8
GA,JOHNSON,13167,27.2
GA,JONES,13169,27.8
GA,LAMAR,13171,27.4
GA,LANIER,13173,25.8
GA,LAURENS,13175,30.3
GA,LEE,13177,23.3
GA,LIBERTY,13179,19.6
GA,LINCOLN,13181,32.9
GA,LONG,13183,21.3
GA,LOWNDES,13185,22.2
GA,LUMPKIN,13187,24.8
GA,MCDUFFIE,13189,30.0
GA,MCINTOSH,13191,32.0
GA,MACON,13193,28.8
GA,MADISON,13195,27.5
GA,MARION,13197,30.4
GA,MERIWETHER,13199,31.5
GA,MILLER,13201,31.4
GA,MITCHELL,13205,28.5
GA,MONROE,13207,28.3
GA,MONTGOMERY,13209,28.1
GA,MORGAN,13211,28.5
GA,MURRAY,13213,26.3
GA,MUSCOGEE,13215,26.6
GA,NEWTON,13217,24.7
GA,OCONEE,13219,24.2
GA,OGLETHORPE,13221,27.9
GA,PAULDING,13223,22.7
GA,PEACH,13225,25.6
GA,PICKENS,13227,28.0
GA,PIERCE,13229,27.9
GA,PIKE,13231,26.8
GA,POLK,13233,27.3
GA,PULASKI,13235,29.8
GA,PUTNAM,13237,30.7
GA,QUITMAN,13239,36.5
GA,RABUN,13241,33.5
GA,RANDOLPH,13243,32.9
GA,RICHMOND,13245,25.5
GA,ROCKDALE,13247,25.5
GA,SCHLEY,13249,28.4
GA,SCREVEN,13251,30.1
GA,SEMINOLE,13253,30.8
GA,SPALDING,13255,28.1
GA,STEPHENS,13257,29.1
GA,STEWART,13259,27.4
GA,SUMTER,13261,28.2
GA,TALBOT,13263,32.1
GA,TALIAFERRO,13265,35.3
GA,TATTNALL,13267,25.7
GA,TAYLOR,13269,31.8
GA,TELFAIR,13271,27.8
GA,TERRELL,13273,32.8
GA,THOMAS,13275,29.0
GA,TIFT,13277,27.7
GA,TOOMBS,13279,28.5
GA,TOWNS,13281,32.8
GA,TREUTLEN,13283,27.0
GA,TROUP,13285,25.6
GA,TURNER,13287,30.8
GA,TWIGGS,13289,33.5
GA,UNION,13291,33.7
GA,UPSON,13293,29.8
GA,WALKER,13295,28.0
GA,WALTON,13297,26.9
GA,WARE,13299,29.6
GA,WARREN,13301,33.3
GA,WASHINGTON,13303,28.9
GA,WAYNE,13305,27.8
GA,WEBSTER,13307,31.8
GA,WHEELER,13309,26.2
GA,WHITE,13311,29.1
GA,WHITFIELD,13313,24.3
GA,WILCOX,13315,28.1
GA,WILKES,13317,32.8
GA,WILKINSON,13319,30.5
GA,WORTH,13321,29.3
HI,HAWAII,15001,20.8
HI,HONOLULU,15003,17.0
HI,KALAWAO,15005,31.5
HI,KAUAI,15007,19.5
HI,MAUI,15009,19.3
ID,ADA,16001,23.9
ID,ADAMS,16003,33.9
ID,BANNOCK,16005,24.3
ID,BEAR LAKE,16007,29.8
ID,BENEWAH,16009,33.1
ID,BINGHAM,16011,23.3
ID,BLAINE,16013,23.8
ID,BOISE,16015,31.3
ID,BONNER,16017,30.9
ID,BONNEVILLE,16019,22.7
ID,BOUNDARY,16021,30.4
ID,BUTTE,16023,30.1
ID,CAMAS,16025,31.1
ID,CANYON,16027,24.5
ID,CARIBOU,16029,26.6
ID,CASSIA,16031,25.4
ID,CLARK,16033,26.6
ID,CLEARWATER,16035,30.2
ID,CUSTER,16037,33.2
ID,ELMORE,16039,22.8
ID,FRANKLIN,16041,25.2
ID,FREMONT,16043,26.6
ID,GEM,16045,32.1
ID,GOODING,16047,26.3
ID,IDAHO,16049,31.5
ID,JEFFERSON,16051,22.7
ID,JEROME,16053,24.1
ID,KOOTENAI,16055,28.8
ID,LATAH,16057,19.7
ID,LEMHI,16059,33.8
ID,LEWIS,16061,31.9
ID,LINCOLN,16063,25.0
ID,MADISON,16065,15.8
ID,MINIDOKA,16067,26.1
ID,NEZ PERCE,16069,30.7
ID,ONEIDA,16071,30.1
ID,OWYHEE,16073,30.0
ID,PAYETTE,16075,28.1
ID,POWER,16077,26.7
ID,SHOSHONE,16079,30.7
ID,TETON,16081,22.0
ID,TWIN FALLS,16083,26.6
ID,VALLEY,16085,29.8
ID,WASHINGTON,16087,32.0
IL,ADAMS,17001,28.1
IL,ALEXANDER,17003,34.2
IL,BOND,17005,27.1
IL,BOONE,17007,24.1
IL,BROWN,17009,21.2
IL,BUREAU,17011,29.0
IL,CALHOUN,17013,29.7
IL,CARROLL,17015,28.9
IL,CASS,17017,26.9
IL,CHAMPAIGN,17019,19.8
IL,CHRISTIAN,17021,26.9
IL,CLARK,17023,28.2
IL,CLAY,17025,28.4
IL,CLINTON,17027,24.5
IL,COLES,17029,24.2
IL,COOK,17031,21.1
IL,CRAWFORD,17033,27.2
IL,CUMBERLAND,17035,28.2
IL,DEKALB,17037,21.3
IL,DE WITT,17039,26.9
IL,DOUGLAS,17041,26.9
IL,DUPAGE,17043,22.4
IL,EDGAR,17045,29.6
IL,EDWARDS,17047,28.4
IL,EFFINGHAM,17049,25.6
IL,FAYETTE,17051,26.7
IL,FORD,17053,28.3
IL,FRANKLIN,17055,29.7
IL,FULTON,17057,28.5
IL,GALLATIN,17059,31.0
IL,GREENE,17061,29.0
IL,GRUNDY,17063,23.3
IL,HAMILTON,17065,29.0
IL,HANCOCK,17067,30.2
IL,HARDIN,17069,31.7
IL,HENDERSON,17071,29.5
IL,HENRY,17073,27.5
IL,IROQUOIS,17075,29.3
IL,JACKSON,17077,23.2
IL,JASPER,17079,27.4
IL,JEFFERSON,17081,28.0
IL,JERSEY,17083,26.4
IL,JO DAVIESS,17085,29.8
IL,JOHNSON,17087,27.2
IL,KANE,17089,22.3
IL,KANKAKEE,17091,27.0
IL,KENDALL,17093,20.6
IL,KNOX,17095,28.3
IL,LAKE,17097,22.9
IL,LA SALLE,17099,27.5
IL,LAWRENCE,17101,25.4
IL,LEE,17103,27.1
IL,LIVINGSTON,17105,26.9
IL,LOGAN,17107,25.6
IL,MCDONOUGH,17109,22.0
IL,MCHENRY,17111,23.3
IL,MCLEAN,17113,20.3
IL,MACON,17115,27.1
IL,MACOUPIN,17117,27.2
IL,MADISON,17119,28.1
IL,MARION,17121,28.8
IL,MARSHALL,17123,29.2
IL,MASON,17125,29.3
IL,MASSAC,17127,29.8
IL,MENARD,17129,27.6
IL,MERCER,17131,28.3
IL,MONROE,17133,25.3
IL,MONTGOMERY,17135,28.2
IL,MORGAN,17137,27.7
IL,MOULTRIE,17139,28.4
IL,OGLE,17141,25.9
IL,PEORIA,17143,25.3
IL,PERRY,17145,26.6
IL,PIATT,17147,26.0
IL,PIKE,17149,29.0
IL,POPE,17151,28.4
IL,PULASKI,17153,32.8
IL,PUTNAM,17155,28.1
IL,RANDOLPH,17157,26.6
IL,RICHLAND,17159,29.7
IL,ROCK ISLAND,17161,27.4
IL,ST. CLAIR,17163,28.2
IL,SALINE,17165,30.1
IL,SANGAMON,17167,25.6
IL,SCHUYLER,17169,28.3
IL,SCOTT,17171,29.0
IL,SHELBY,17173,29.1
IL,STARK,17175,30.2
IL,STEPHENSON,17177,29.5
IL,TAZEWELL,17179,25.9
IL,UNION,17181,29.0
IL,VERMILION,17183,27.7
IL,WABASH,17185,28.5
IL,WARREN,17187,26.6
IL,WASHINGTON,17189,27.3
IL,WAYNE,17191,29.2
IL,WHITE,17193,30.2
IL,WHITESIDE,17195,26.6
IL,WILL,17197,23.4
IL,WILLIAMSON,17199,26.5
IL,WINNEBAGO,17201,27.1
IL,WOODFORD,17203,26.4
IN,ADAMS,18001,28.2
IN,ALLEN,18003,24.2
IN,BARTHOLOMEW,18005,28.0
IN,BENTON,18007,29.6
IN,BLACKFORD,18009,32.2
IN,BOONE,18011,25.3
IN,BROWN,18013,32.5
IN,CARROLL,18015,30.4
IN,CASS,18017,29.0
IN,CLARK,18019,26.5
IN,CLAY,18021,29.9
IN,CLINTON,18023,29.0
IN,CRAWFORD,18025,32.4
IN,DAVIESS,18027,28.3
IN,DEARBORN,18029,30.1
IN,DECATUR,18031,27.7
IN,DE KALB,18033,28.3
IN,DELAWARE,18035,26.3
IN,DUBOIS,18037,28.2
IN,ELKHART,18039,26.4
IN,FAYETTE,18041,31.7
IN,FLOYD,18043,27.3
IN,FOUNTAIN,18045,30.9
IN,FRANKLIN,18047,28.8
IN,FULTON,18049,30.1
IN,GIBSON,18051,29.2
IN,GRANT,18053,29.2
IN,GREENE,18055,29.3
IN,HAMILTON,18057,22.0
IN,HANCOCK,18059,26.4
IN,HARRISON,18061,28.4
IN,HENDRICKS,18063,24.2
IN,HENRY,18065,30.8
IN,HOWARD,18067,30.0
IN,HUNTINGTON,18069,27.9
IN,JACKSON,18071,29.2
IN,JASPER,18073,27.1
IN,JAY,18075,29.2
IN,JEFFERSON,18077,29.6
IN,JENNINGS,18079,28.4
IN,JOHNSON,18081,25.6
IN,KNOX,18083,27.8
IN,KOSCIUSKO,18085,27.6
IN,LAGRANGE,18087,27.3
IN,LAKE,18089,26.9
IN,LA PORTE,18091,29.3
IN,LAWRENCE,18093,30.6
IN,MADISON,18095,30.5
IN,MARION,18097,22.0
IN,MARSHALL,18099,28.1
IN,MARTIN,18101,29.7
IN,MIAMI,18103,29.3
IN,MONROE,18105,21.3
IN,MONTGOMERY,18107,30.4
IN,MORGAN,18109,27.4
IN,NEWTON,18111,31.1
IN,NOBLE,18113,27.9
IN,OHIO,18115,30.0
IN,ORANGE,18117,31.4
IN,OWEN,18119,31.8
IN,PARKE,18121,30.3
IN,PERRY,18123,29.8
IN,PIKE,18125,31.1
IN,PORTER,18127,26.3
IN,POSEY,18129,29.0
IN,PULASKI,18131,30.9
IN,PUTNAM,18133,24.4
IN,RANDOLPH,18135,31.0
IN,RIPLEY,18137,29.5
IN,RUSH,18139,31.0
IN,ST. JOSEPH,18141,26.7
IN,SCOTT,18143,30.4
IN,SHELBY,18145,28.6
IN,SPENCER,18147,28.6
IN,STARKE,18149,31.1
IN,STEUBEN,18151,29.3
IN,SULLIVAN,18153,29.8
IN,SWITZERLAND,18155,31.1
IN,TIPPECANOE,18157,18.9
IN,TIPTON,18159,29.4
IN,UNION,18161,30.0
IN,VANDERBURGH,18163,29.0
IN,VERMILLION,18165,30.0
IN,VIGO,18167,26.4
IN,WABASH,18169,29.9
IN,WARREN,18171,30.0
IN,WARRICK,18173,29.2
IN,WASHINGTON,18175,29.1
IN,WAYNE,18177,31.6
IN,WELLS,18179,28.4
IN,WHITE,18181,29.3
IN,WHITLEY,18183,28.6
IA,ADAIR,19001,28.4
IA,ADAMS,19003,29.1
IA,ALLAMAKEE,19005,29.2
IA,APPANOOSE,19007,30.9
IA,AUDUBON,19009,30.7
IA,BENTON,19011,25.9
IA,BLACK HAWK,19013,25.4
IA,BOONE,19015,26.6
IA,BREMER,19017,26.8
IA,BUCHANAN,19019,25.9
IA,BUENA VISTA,19021,23.8
IA,BUTLER,19023,28.3
IA,CALHOUN,19025,29.5
IA,CARROLL,19027,27.0
IA,CASS,19029,30.2
IA,CEDAR,19031,26.8
IA,CERRO GORDO,19033,28.8
IA,CHEROKEE,19035,29.6
IA,CHICKASAW,19037,28.8
IA,CLARKE,19039,28.0
IA,CLAY,19041,28.3
IA,CLAYTON,19043,29.3
IA,CLINTON,19045,27.4
IA,CRAWFORD,19047,26.4
IA,DALLAS,19049,22.9
IA,DAVIS,19051,28.7
IA,DECATUR,19053,26.6
IA,DELAWARE,19055,28.9
IA,DES MOINES,19057,29.2
IA,DICKINSON,19059,29.2
IA,DUBUQUE,19061,24.3
IA,EMMET,19063,28.0
IA,FAYETTE,19065,28.1
IA,FLOYD,19067,30.7
IA,FRANKLIN,19069,28.9
IA,FREMONT,19071,30.5
IA,GREENE,19073,30.2
IA,GRUNDY,19075,26.9
IA,GUTHRIE,19077,28.8
IA,HAMILTON,19079,28.0
IA,HANCOCK,19081,28.5
IA,HARDIN,19083,27.5
IA,HARRISON,19085,28.4
IA,HENRY,19087,25.8
IA,HOWARD,19089,29.2
IA,HUMBOLDT,19091,29.0
IA,IDA,19093,28.1
IA,IOWA,19095,26.8
IA,JACKSON,19097,29.5
IA,JASPER,19099,28.3
IA,JEFFERSON,19101,26.5
IA,JOHNSON,19103,18.9
IA,JONES,19105,27.1
IA,KEOKUK,19107,29.4
IA,KOSSUTH,19109,28.8
IA,LEE,19111,28.3
IA,LINN,19113,24.0
IA,LOUISA,19115,25.6
IA,LUCAS,19117,30.1
IA,LYON,19119,25.9
IA,MADISON,19121,26.5
IA,MAHASKA,19123,25.9
IA,MARION,19125,25.1
IA,MARSHALL,19127,26.8
IA,MILLS,19129,27.5
IA,MITCHELL,19131,30.1
IA,MONONA,19133,31.1
IA,MONROE,19135,29.4
IA,MONTGOMERY,19137,31.9
IA,MUSCATINE,19139,26.1
IA,O'BRIEN,19141,27.4
IA,OSCEOLA,19143,28.1
IA,PAGE,19145,27.8
IA,PALO ALTO,19147,28.1
IA,PLYMOUTH,19149,26.9
IA,POCAHONTAS,19151,32.1
IA,POLK,19153,22.2
IA,POTTAWATTAMIE,19155,26.3
IA,POWESHIEK,19157,26.5
IA,RINGGOLD,19159,30.7
IA,SAC,19161,29.9
IA,SCOTT,19163,28.0
IA,SHELBY,19165,29.4
IA,SIOUX,19167,21.9
IA,STORY,19169,18.5
IA,TAMA,19171,28.8
IA,TAYLOR,19173,28.6
IA,UNION,19175,28.1
IA,VAN BUREN,19177,30.0
IA,WAPELLO,19179,28.6
IA,WARREN,19181,25.4
IA,WASHINGTON,19183,28.2
IA,WAYNE,19185,31.4
IA,WEBSTER,19187,26.4
IA,WINNEBAGO,19189,27.6
IA,WINNESHIEK,19191,24.2
IA,WOODBURY,19193,24.2
IA,WORTH,19195,28.5
IA,WRIGHT,19197,30.2
KS,ALLEN,20001,29.2
KS,ANDERSON,20003,28.6
KS,ATCHISON,20005,25.8
KS,BARBER,20007,27.4
KS,BARTON,20009,26.5
KS,BOURBON,20011,30.2
KS,BROWN,20013,29.0
KS,BUTLER,20015,25.0
KS,CHASE,20017,29.1
KS,CHAUTAUQUA,20019,30.8
KS,CHEROKEE,20021,29.1
KS,CHEYENNE,20023,30.5
KS,CLARK,20025,29.6
KS,CLAY,20027,29.2
KS,CLOUD,20029,27.4
KS,COFFEY,20031,27.2
KS,COMANCHE,20033,29.6
KS,COWLEY,20035,25.9
KS,CRAWFORD,20037,24.8
KS,DECATUR,20039,32.2
KS,DICKINSON,20041,27.2
KS,DONIPHAN,20043,25.9
KS,DOUGLAS,20045,16.5
KS,EDWARDS,20047,29.2
KS,ELK,20049,34.8
KS,ELLIS,20051,20.3
KS,ELLSWORTH,20053,26.6
KS,FINNEY,20055,21.4
KS,FORD,20057,19.4
KS,FRANKLIN,20059,28.2
KS,GEARY,20061,18.1
KS,GOVE,20063,30.4
KS,GRAHAM,20065,31.9
KS,GRANT,20067,22.1
KS,GRAY,20069,22.9
KS,GREELEY,20071,27.1
KS,GREENWOOD,20073,32.7
KS,HAMILTON,20075,23.4
KS,HARPER,20077,29.1
KS,HARVEY,20079,25.2
KS,HASKELL,20081,24.1
KS,HODGEMAN,20083,28.6
KS,JACKSON,20085,26.3
KS,JEFFERSON,20087,28.9
KS,JEWELL,20089,33.6
KS,JOHNSON,20091,20.4
KS,KEARNY,20093,24.6
KS,KINGMAN,20095,29.0
KS,KIOWA,20097,27.1
KS,LABETTE,20099,30.1
KS,LANE,20101,28.7
KS,LEAVENWORTH,20103,25.7
KS,LINCOLN,20105,29.3
KS,LINN,20107,28.9
KS,LOGAN,20109,27.4
KS,LYON,20111,22.6
KS,MCPHERSON,20113,26.0
KS,MARION,20115,28.5
KS,MARSHALL,20117,31.0
KS,MEADE,20119,25.4
KS,MIAMI,20121,24.1
KS,MITCHELL,20123,26.9
KS,MONTGOMERY,20125,29.1
KS,MORRIS,20127,31.1
KS,MORTON,20129,27.0
KS,NEMAHA,20131,27.3
KS,NEOSHO,20133,28.0
KS,NESS,20135,31.6
KS,NORTON,20137,25.3
KS,OSAGE,20139,26.9
KS,OSBORNE,20141,30.0
KS,OTTAWA,20143,25.0
KS,PAWNEE,20145,27.6
KS,PHILLIPS,20147,28.4
KS,POTTAWATOMIE,20149,23.6
KS,PRATT,20151,26.0
KS,RAWLINS,20153,31.5
KS,RENO,20155,29.1
KS,REPUBLIC,20157,34.3
KS,RICE,20159,27.2
KS,RILEY,20161,14.5
KS,ROOKS,20163,28.0
KS,RUSH,20165,31.0
KS,RUSSELL,20167,28.9
KS,SALINE,20169,23.6
KS,SCOTT,20171,28.6
KS,SEDGWICK,20173,22.9
KS,SEWARD,20175,19.4
KS,SHAWNEE,20177,26.2
KS,SHERIDAN,20179,31.2
KS,SHERMAN,20181,29.0
KS,SMITH,20183,31.5
KS,STAFFORD,20185,31.0
KS,STANTON,20187,24.8
KS,STEVENS,20189,23.5
KS,SUMNER,20191,28.7
KS,THOMAS,20193,23.2
KS,TREGO,20195,29.0
KS,WABAUNSEE,20197,26.5
KS,WALLACE,20199,28.3
KS,WASHINGTON,20201,29.9
KS,WICHITA,20203,26.3
KS,WILSON,20205,31.4
KS,WOODSON,20207,31.1
KS,WYANDOTTE,20209,23.5
KY,ADAIR,21001,30.9
KY,ALLEN,21003,30.8
KY,ANDERSON,21005,29.7
KY,BALLARD,21007,32.7
KY,BARREN,21009,33.1
KY,BATH,21011,34.5
KY,BELL,21013,39.0
KY,BOONE,21015,24.5
KY,BOURBON,21017,32.4
KY,BOYD,21019,31.5
KY,BOYLE,21021,29.9
KY,BRACKEN,21023,31.9
KY,BREATHITT,21025,35.5
KY,BRECKINRIDGE,21027,33.2
KY,BULLITT,21029,30.5
KY,BUTLER,21031,35.0
KY,CALDWELL,21033,32.6
KY,CALLOWAY,21035,25.4
KY,CAMPBELL,21037,28.5
KY,CARLISLE,21039,33.7
KY,CARROLL,21041,31.0
KY,CARTER,21043,31.7
KY,CASEY,21045,35.4
KY,CHRISTIAN,21047,25.0
KY,CLARK,21049,32.2
KY,CLAY,21051,34.1
KY,CLINTON,21053,34.3
KY,CRITTENDEN,21055,33.3
KY,CUMBERLAND,21057,36.7
KY,DAVIESS,21059,27.8
KY,EDMONSON,21061,33.7
KY,ELLIOTT,21063,33.8
KY,ESTILL,21065,35.4
KY,FAYETTE,21067,23.8
KY,FLEMING,21069,32.5
KY,FLOYD,21071,36.0
KY,FRANKLIN,21073,30.0
KY,FULTON,21075,35.2
KY,GALLATIN,21077,29.4
KY,GARRARD,21079,33.5
KY,GRANT,21081,28.3
KY,GRAVES,21083,32.0
KY,GRAYSON,21085,32.4
KY,GREEN,21087,34.7
KY,GREENUP,21089,34.1
KY,HANCOCK,21091,30.7
KY,HARDIN,21093,28.7
KY,HARLAN,21095,35.3
KY,HARRISON,21097,32.4
KY,HART,21099,35.6
KY,HENDERSON,21101,32.1
KY,HENRY,21103,31.7
KY,HICKMAN,21105,35.4
KY,HOPKINS,21107,31.7
KY,JACKSON,21109,35.8
KY,JEFFERSON,21111,28.9
KY,JESSAMINE,21113,29.5
KY,JOHNSON,21115,36.3
KY,KENTON,21117,27.1
KY,KNOTT,21119,37.5
KY,KNOX,21121,35.5
KY,LARUE,21123,32.9
KY,LAUREL,21125,30.4
KY,LAWRENCE,21127,33.3
KY,LEE,21129,36.9
KY,LESLIE,21131,36.5
KY,LETCHER,21133,36.0
KY,LEWIS,21135,33.5
KY,LINCOLN,21137,33.7
KY,LIVINGSTON,21139,34.3
KY,LOGAN,21141,34.1
KY,LYON,21143,33.2
KY,MCCRACKEN,21145,29.8
KY,MCCREARY,21147,33.9
KY,MCLEAN,21149,34.0
KY,MADISON,21151,27.0
KY,MAGOFFIN,21153,36.6
KY,MARION,21155,31.5
KY,MARSHALL,21157,32.9
KY,MARTIN,21159,32.6
KY,MASON,21161,34.1
KY,MEADE,21163,29.6
KY,MENIFEE,21165,35.4
KY,MERCER,21167,33.2
KY,METCALFE,21169,34.5
KY,MONROE,21171,35.5
KY,MONTGOMERY,21173,30.9
KY,MORGAN,21175,33.5
KY,MUHLENBERG,21177,33.4
KY,NELSON,21179,29.7
KY,NICHOLAS,21181,34.4
KY,OHIO,21183,32.8
KY,OLDHAM,21185,25.6
KY,OWEN,21187,31.7
KY,OWSLEY,21189,35.7
KY,PENDLETON,21191,29.7
KY,PERRY,21193,34.6
KY,PIKE,21195,36.5
KY,POWELL,21197,31.8
KY,PULASKI,21199,32.2
KY,ROBERTSON,21201,35.3
KY,ROCKCASTLE,21203,34.2
KY,ROWAN,21205,27.7
KY,RUSSELL,21207,33.2
KY,SCOTT,21209,25.8
KY,SHELBY,21211,29.0
KY,SIMPSON,21213,31.4
KY,SPENCER,21215,28.2
KY,TAYLOR,21217,32.2
KY,TODD,21219,32.6
KY,TRIGG,21221,34.0
KY,TRIMBLE,21223,31.6
KY,UNION,21225,31.2
KY,WARREN,21227,23.8
KY,WASHINGTON,21229,32.3
KY,WAYNE,21231,35.7
KY,WEBSTER,21233,33.1
KY,WHITLEY,21235,31.6
KY,WOLFE,21237,38.0
KY,WOODFORD,21239,30.2
LA,ACADIA PARISH,22001,27.6
LA,ALLEN PARISH,22003,26.9
LA,ASCENSION PARISH,22005,22.9
LA,ASSUMPTION PARISH,22007,28.7
LA,AVOYELLES PARISH,22009,28.8
LA,BEAUREGARD PARISH,22011,27.6
LA,BIENVILLE PARISH,22013,33.7
LA,BOSSIER PARISH,22015,25.9
LA,CADDO PARISH,22017,27.7
LA,CALCASIEU PARISH,22019,26.0
LA,CALDWELL PARISH,22021,30.9
LA,CAMERON PARISH,22023,27.4
LA,CATAHOULA PARISH,22025,29.4
LA,CLAIBORNE PARISH,22027,31.0
LA,CONCORDIA PARISH,22029,30.0
LA,DE SOTO PARISH,22031,30.8
LA,EAST BATON ROUGE PARISH,22033,23.5
LA,EAST CARROLL PARISH,22035,32.0
LA,EAST FELICIANA PARISH,22037,30.1
LA,EVANGELINE PARISH,22039,29.2
LA,FRANKLIN PARISH,22041,31.4
LA,GRANT PARISH,22043,27.4
LA,IBERIA PARISH,22045,26.4
LA,IBERVILLE PARISH,22047,27.9
LA,JACKSON PARISH,22049,31.7
LA,JEFFERSON PARISH,22051,28.1
LA,JEFFERSON DAVIS PARISH,22053,30.3
LA,LAFAYETTE PARISH,22055,23.1
LA,LAFOURCHE PARISH,22057,26.4
LA,LA SALLE PARISH,22059,28.4
LA,LINCOLN PARISH,22061,23.1
LA,LIVINGSTON PARISH,22063,26.6
LA,MADISON PARISH,22065,30.4
LA,MOREHOUSE PARISH,22067,31.9
LA,NATCHITOCHES PARISH,22069,28.1
LA,ORLEANS PARISH,22071,22.7
LA,OUACHITA PARISH,22073,27.3
LA,PLAQUEMINES PARISH,22075,25.4
LA,POINTE COUPEE PARISH,22077,30.8
LA,RAPIDES PARISH,22079,29.7
LA,RED RIVER PARISH,22081,31.7
LA,RICHLAND PARISH,22083,30.8
LA,SABINE PARISH,22085,32.0
LA,ST. BERNARD PARISH,22087,25.5
LA,ST. CHARLES PARISH,22089,25.1
LA,ST. HELENA PARISH,22091,33.4
LA,ST. JAMES PARISH,22093,27.7
LA,ST. JOHN THE BAPTIST PARISH,22095,27.7
LA,ST. LANDRY PARISH,22097,29.8
LA,ST. MARTIN PARISH,22099,28.5
LA,ST. MARY PARISH,22101,28.8
LA,ST. TAMMANY PARISH,22103,26.6
LA,TANGIPAHOA PARISH,22105,29.0
LA,TENSAS PARISH,22107,36.9
LA,TERREBONNE PARISH,22109,26.0
LA,UNION PARISH,22111,32.0
LA,VERMILION PARISH,22113,28.1
LA,VERNON PARISH,22115,24.6
LA,WASHINGTON PARISH,22117,32.2
LA,WEBSTER PARISH,22119,32.6
LA,WEST BATON ROUGE PARISH,22121,26.0
LA,WEST CARROLL PARISH,22123,32.0
LA,WEST FELICIANA PARISH,22125,27.1
LA,WINN PARISH,22127,30.3
ME,ANDROSCOGGIN,23001,31.1
ME,AROOSTOOK,23003,35.0
ME,CUMBERLAND,23005,25.3
ME,FRANKLIN,23007,29.7
ME,HANCOCK,23009,31.3
ME,KENNEBEC,23011,30.1
ME,KNOX,23013,30.9
ME,LINCOLN,23015,32.5
ME,OXFORD,23017,36.3
ME,PENOBSCOT,23019,26.3
ME,PISCATAQUIS,23021,34.2
ME,SAGADAHOC,23023,29.5
ME,SOMERSET,23025,31.6
ME,WALDO,23027,30.5
ME,WASHINGTON,23029,35.0
ME,YORK,23031,28.9
MD,ALLEGANY,24001,28.4
MD,ANNE ARUNDEL,24003,25.2
MD,BALTIMORE,24005,25.4
MD,CALVERT,24009,26.4
MD,CAROLINE,24011,26.0
MD,CARROLL,24013,27.1
MD,CECIL,24015,26.3
MD,CHARLES,24017,23.0
MD,DORCHESTER,24019,30.8
MD,FREDERICK,24021,22.7
MD,GARRETT,24023,33.8
MD,HARFORD,24025,25.8
MD,HOWARD,24027,21.8
MD,KENT,24029,32.0
MD,MONTGOMERY,24031,18.9
MD,PRINCE GEORGE'S,24033,22.0
MD,QUEEN ANNE'S,24035,29.0
MD,ST. MARY'S,24037,24.5
MD,SOMERSET,24039,27.8
MD,TALBOT,24041,30.4
MD,WASHINGTON,24043,28.0
MD,WICOMICO,24045,25.8
MD,WORCESTER,24047,31.4
MD,BALTIMORE CITY,24510,25.4
MA,BARNSTABLE,25001,31.1
MA,BERKSHIRE,25003,27.4
MA,BRISTOL,25005,29.3
MA,DUKES,25007,29.2
MA,ESSEX,25009,25.7
MA,FRANKLIN,25011,29.9
MA,HAMPDEN,25013,30.2
MA,HAMPSHIRE,25015,23.4
MA,MIDDLESEX,25017,21.2
MA,NANTUCKET,25019,24.5
MA,NORFOLK,25021,23.0
MA,PLYMOUTH,25023,29.0
MA,SUFFOLK,25025,17.4
MA,WORCESTER,25027,25.6
MI,ALCONA,26001,38.7
MI,ALGER,26003,32.4
MI,ALLEGAN,26005,27.8
MI,ALPENA,26007,32.6
MI,ANTRIM,26009,34.6
MI,ARENAC,26011,33.9
MI,BARAGA,26013,31.4
MI,BARRY,26015,30.4
MI,BAY,26017,31.1
MI,BENZIE,26019,33.4
MI,BERRIEN,26021,31.5
MI,BRANCH,26023,30.4
MI,CALHOUN,26025,31.4
MI,CASS,26027,30.3
MI,CHARLEVOIX,26029,32.8
MI,CHEBOYGAN,26031,35.3
MI,CHIPPEWA,26033,29.2
MI,CLARE,26035,35.7
MI,CLINTON,26037,27.5
MI,CRAWFORD,26039,34.5
MI,DELTA,26041,33.7
MI,DICKINSON,26043,32.1
MI,EATON,26045,27.1
MI,EMMET,26047,31.0
MI,GENESEE,26049,34.0
MI,GLADWIN,26051,37.3
MI,GOGEBIC,26053,33.6
MI,GRAND TRAVERSE,26055,28.8
MI,GRATIOT,26057,29.9
MI,HILLSDALE,26059,32.9
MI,HOUGHTON,26061,26.2
MI,HURON,26063,32.4
MI,INGHAM,26065,23.7
MI,IONIA,26067,26.5
MI,IOSCO,26069,36.4
MI,IRON,26071,36.8
MI,ISABELLA,26073,20.7
MI,JACKSON,26075,29.3
MI,KALAMAZOO,26077,25.4
MI,KALKASKA,26079,32.3
MI,KENT,26081,26.3
MI,KEWEENAW,26083,38.1
MI,LAKE,26085,38.5
MI,LAPEER,26087,29.3
MI,LEELANAU,26089,34.8
MI,LENAWEE,26091,31.3
MI,LIVINGSTON,26093,28.2
MI,LUCE,26095,31.3
MI,MACKINAC,26097,35.7
MI,MACOMB,26099,31.2
MI,MANISTEE,26101,32.9
MI,MARQUETTE,26103,28.5
MI,MASON,26105,33.7
MI,MECOSTA,26107,28.6
MI,MENOMINEE,26109,34.1
MI,MIDLAND,26111,29.1
MI,MISSAUKEE,26113,31.4
MI,MONROE,26115,29.9
MI,MONTCALM,26117,30.5
MI,MONTMORENCY,26119,38.9
MI,MUSKEGON,26121,31.1
MI,NEWAYGO,26123,30.7
MI,OAKLAND,26125,26.6
MI,OCEANA,26127,33.1
MI,OGEMAW,26129,35.7
MI,ONTONAGON,26131,40.2
MI,OSCEOLA,26133,32.9
MI,OSCODA,26135,36.8
MI,OTSEGO,26137,30.6
MI,OTTAWA,26139,24.3
MI,PRESQUE ISLE,26141,36.5
MI,ROSCOMMON,26143,39.3
MI,SAGINAW,26145,32.2
MI,ST. CLAIR,26147,30.8
MI,ST. JOSEPH,26149,29.3
MI,SANILAC,26151,32.8
MI,SCHOOLCRAFT,26153,36.2
MI,SHIAWASSEE,26155,30.2
MI,TUSCOLA,26157,32.5
MI,VAN BUREN,26159,30.0
MI,WASHTENAW,26161,20.0
MI,WAYNE,26163,28.9
MI,WEXFORD,26165,31.9
MN,AITKIN,27001,32.7
MN,ANOKA,27003,21.5
MN,BECKER,27005,27.6
MN,BELTRAMI,27007,23.9
MN,BENTON,27009,22.0
MN,BIG STONE,27011,29.7
MN,BLUE EARTH,27013,20.2
MN,BROWN,27015,24.4
MN,CARLTON,27017,27.3
MN,CARVER,27019,17.4
MN,CASS,27021,31.1
MN,CHIPPEWA,27023,26.8
MN,CHISAGO,27025,21.9
MN,CLAY,27027,19.7
MN,CLEARWATER,27029,28.1
MN,COOK,27031,28.6
MN,COTTONWOOD,27033,27.1
MN,CROW WING,27035,29.5
MN,DAKOTA,27037,19.5
MN,DODGE,27039,22.2
MN,DOUGLAS,27041,24.5
MN,FARIBAULT,27043,29.0
MN,FILLMORE,27045,26.4
MN,FREEBORN,27047,27.7
MN,GOODHUE,27049,26.1
MN,GRANT,27051,28.2
MN,HENNEPIN,27053,18.7
MN,HOUSTON,27055,26.7
MN,HUBBARD,27057,28.9
MN,ISANTI,27059,24.5
MN,ITASCA,27061,29.0
MN,JACKSON,27063,26.3
MN,KANABEC,27065,28.7
MN,KANDIYOHI,27067,23.4
MN,KITTSON,27069,29.0
MN,KOOCHICHING,27071,30.1
MN,LAC QUI PARLE,27073,28.4
MN,LAKE,27075,28.7
MN,LAKE OF THE WOODS,27077,29.3
MN,LE SUEUR,27079,23.0
MN,LINCOLN,27081,27.9
MN,LYON,27083,23.6
MN,MCLEOD,27085,24.0
MN,MAHNOMEN,27087,31.0
MN,MARSHALL,27089,25.8
MN,MARTIN,27091,25.9
MN,MEEKER,27093,23.7
MN,MILLE LACS,27095,27.6
MN,MORRISON,27097,25.6
MN,MOWER,27099,25.0
MN,MURRAY,27101,28.5
MN,NICOLLET,27103,19.5
MN,NOBLES,27105,22.7
MN,NORMAN,27107,27.2
MN,OLMSTED,27109,21.2
MN,OTTER TAIL,27111,26.8
MN,PENNINGTON,27113,23.4
MN,PINE,27115,25.6
MN,PIPESTONE,27117,27.3
MN,POLK,27119,24.5
MN,POPE,27121,26.9
MN,RAMSEY,27123,20.0
MN,RED LAKE,27125,26.6
MN,REDWOOD,27127,27.1
MN,RENVILLE,27129,25.2
MN,RICE,27131,21.0
MN,ROCK,27133,26.9
MN,ROSEAU,27135,24.6
MN,ST. LOUIS,27137,25.8
MN,SCOTT,27139,18.0
MN,SHERBURNE,27141,20.0
MN,SIBLEY,27143,25.3
MN,STEARNS,27145,20.8
MN,STEELE,27147,22.8
MN,STEVENS,27149,21.1
MN,SWIFT,27151,26.4
MN,TODD,27153,27.6
MN,TRAVERSE,27155,29.3
MN,WABASHA,27157,25.5
MN,WADENA,27159,28.4
MN,WASECA,27161,21.9
MN,WASHINGTON,27163,20.0
MN,WATONWAN,27165,25.5
MN,WILKIN,27167,25.7
MN,WINONA,27169,22.3
MN,WRIGHT,27171,20.3
MN,YELLOW MEDICINE,27173,25.4
MS,ADAMS,28001,32.1
MS,ALCORN,28003,29.7
MS,AMITE,28005,32.3
MS,ATTALA,28007,31.7
MS,BENTON,28009,30.6
MS,BOLIVAR,28011,30.0
MS,CALHOUN,28013,31.1
MS,CARROLL,28015,32.0
MS,CHICKASAW,28017,29.6
MS,CHOCTAW,28019,32.6
MS,CLAIBORNE,28021,30.3
MS,CLARKE,28023,31.6
MS,CLAY,28025,31.3
MS,COAHOMA,28027,31.1
MS,COPIAH,28029,30.5
MS,COVINGTON,28031,31.2
MS,DESOTO,28033,23.3
MS,FORREST,28035,24.8
MS,FRANKLIN,28037,31.5
MS,GEORGE,28039,28.1
MS,GREENE,28041,24.6
MS,GRENADA,28043,30.2
MS,HANCOCK,28045,28.5
MS,HARRISON,28047,27.5
MS,HINDS,28049,25.8
MS,HOLMES,28051,30.2
MS,HUMPHREYS,28053,33.3
MS,ISSAQUENA,28055,30.6
MS,ITAWAMBA,28057,28.8
MS,JACKSON,28059,25.2
MS,JASPER,28061,32.9
MS,JEFFERSON,28063,33.5
MS,JEFFERSON DAVIS,28065,34.1
MS,JONES,28067,30.7
MS,KEMPER,28069,31.4
MS,LAFAYETTE,28071,21.6
MS,LAMAR,28073,23.3
MS,LAUDERDALE,28075,27.1
MS,LAWRENCE,28077,29.2
MS,LEAKE,28079,29.8
MS,LEE,28081,28.3
MS,LEFLORE,28083,29.7
MS,LINCOLN,28085,30.0
MS,LOWNDES,28087,27.3
MS,MADISON,28089,23.7
MS,MARION,28091,30.9
MS,MARSHALL,28093,29.2
MS,MONROE,28095,29.1
MS,MONTGOMERY,28097,32.1
MS,NESHOBA,28099,29.1
MS,NEWTON,28101,29.7
MS,NOXUBEE,28103,32.7
MS,OKTIBBEHA,28105,20.3
MS,PANOLA,28107,28.1
MS,PEARL RIVER,28109,30.4
MS,PERRY,28111,29.0
MS,PIKE,28113,30.6
MS,PONTOTOC,28115,27.8
MS,PRENTISS,28117,29.4
MS,QUITMAN,28119,34.7
MS,RANKIN,28121,22.4
MS,SCOTT,28123,29.5
MS,SHARKEY,28125,34.5
MS,SIMPSON,28127,30.7
MS,SMITH,28129,30.2
MS,STONE,28131,26.6
MS,SUNFLOWER,28133,28.2
MS,TALLAHATCHIE,28135,26.1
MS,TATE,28137,27.6
MS,TIPPAH,28139,29.0
MS,TISHOMINGO,28141,32.4
MS,TUNICA,28143,27.3
MS,UNION,28145,30.4
MS,WALTHALL,28147,31.3
MS,WARREN,28149,27.9
MS,WASHINGTON,28151,30.7
MS,WAYNE,28153,31.5
MS,WEBSTER,28155,29.8
MS,WILKINSON,28157,29.6
MS,WINSTON,28159,31.5
MS,YALOBUSHA,28161,32.3
MS,YAZOO,28163,28.8
MO,ADAIR,29001,25.4
MO,ANDREW,29003,29.2
MO,ATCHISON,29005,32.6
MO,AUDRAIN,29007,29.7
MO,BARRY,29009,33.6
MO,BARTON,29011,33.1
MO,BATES,29013,34.6
MO,BENTON,29015,38.8
MO,BOLLINGER,29017,31.9
MO,BOONE,29019,22.3
MO,BUCHANAN,29021,28.8
MO,BUTLER,29023,32.9
MO,CALDWELL,29025,31.3
MO,CALLAWAY,29027,26.8
MO,CAMDEN,29029,34.6
MO,CAPE GIRARDEAU,29031,27.8
MO,CARROLL,29033,31.1
MO,CARTER,29035,33.1
MO,CASS,29037,28.5
MO,CEDAR,29039,36.2
MO,CHARITON,29041,34.6
MO,CHRISTIAN,29043,27.6
MO,CLARK,29045,31.6
MO,CLAY,29047,24.6
MO,CLINTON,29049,30.4
MO,COLE,29051,28.3
MO,COOPER,29053,28.9
MO,CRAWFORD,29055,33.0
MO,DADE,29057,34.5
MO,DALLAS,29059,34.5
MO,DAVIESS,29061,33.4
MO,DEKALB,29063,27.6
MO,DENT,29065,33.9
MO,DOUGLAS,29067,35.6
MO,DUNKLIN,29069,34.4
MO,FRANKLIN,29071,27.8
MO,GASCONADE,29073,32.7
MO,GENTRY,29075,33.2
MO,GREENE,29077,27.8
MO,GRUNDY,29079,33.6
MO,HARRISON,29081,32.8
MO,HENRY,29083,34.3
MO,HICKORY,29085,40.3
MO,HOLT,29087,33.0
MO,HOWARD,29089,29.9
MO,HOWELL,29091,33.6
MO,IRON,29093,34.7
MO,JACKSON,29095,26.9
MO,JASPER,29097,28.1
MO,JEFFERSON,29099,26.8
MO,JOHNSON,29101,22.4
MO,KNOX,29103,33.4
MO,LACLEDE,29105,31.3
MO,LAFAYETTE,29107,29.4
MO,LAWRENCE,29109,31.8
MO,LEWIS,29111,29.4
MO,LINCOLN,29113,27.4
MO,LINN,29115,33.1
MO,LIVINGSTON,29117,30.3
MO,MCDONALD,29119,31.2
MO,MACON,29121,33.7
MO,MADISON,29123,32.1
MO,MARIES,29125,32.6
MO,MARION,29127,31.6
MO,MERCER,29129,34.4
MO,MILLER,29131,31.3
MO,MISSISSIPPI,29133,33.6
MO,MONITEAU,29135,27.6
MO,MONROE,29137,32.3
MO,MONTGOMERY,29139,33.4
MO,MORGAN,29141,36.1
MO,NEW MADRID,29143,33.7
MO,NEWTON,29145,30.1
MO,NODAWAY,29147,24.3
MO,OREGON,29149,35.0
MO,OSAGE,29151,28.1
MO,OZARK,29153,37.1
MO,PEMISCOT,29155,34.8
MO,PERRY,29157,29.0
MO,PETTIS,29159,30.1
MO,PHELPS,29161,26.8
MO,PIKE,29163,30.4
MO,PLATTE,29165,26.8
MO,POLK,29167,30.3
MO,PULASKI,29169,19.4
MO,PUTNAM,29171,34.9
MO,RALLS,29173,32.3
MO,RANDOLPH,29175,29.4
MO,RAY,29177,29.3
MO,REYNOLDS,29179,36.6
MO,RIPLEY,29181,34.5
MO,ST. CHARLES,29183,25.9
MO,ST. CLAIR,29185,37.8
MO,STE. GENEVIEVE,29186,31.9
MO,ST. FRANCOIS,29187,30.5
MO,ST. LOUIS,29189,26.9
MO,SALINE,29195,30.6
MO,SCHUYLER,29197,33.2
MO,SCOTLAND,29199,31.7
MO,SCOTT,29201,31.4
MO,SHANNON,29203,34.0
MO,SHELBY,29205,31.3
MO,STODDARD,29207,30.2
MO,STONE,29209,35.0
MO,SULLIVAN,29211,31.5
MO,TANEY,29213,31.2
MO,TEXAS,29215,33.5
MO,VERNON,29217,31.9
MO,WARREN,29219,28.3
MO,WASHINGTON,29221,31.2
MO,WAYNE,29223,36.7
MO,WEBSTER,29225,31.0
MO,WORTH,29227,35.2
MO,WRIGHT,29229,34.7
MO,ST. LOUIS CITY,29510,25.7
MT,BEAVERHEAD,30001,25.9
MT,BIG HORN,30003,27.1
MT,BLAINE,30005,28.9
MT,BROADWATER,30007,29.3
MT,CARBON,30009,29.0
MT,CARTER,30011,29.7
MT,CASCADE,30013,26.9
MT,CHOUTEAU,30015,29.4
MT,CUSTER,30017,26.3
MT,DANIELS,30019,28.6
MT,DAWSON,30021,25.0
MT,DEER LODGE,30023,30.1
MT,FALLON,30025,24.2
MT,FERGUS,30027,27.8
MT,FLATHEAD,30029,26.3
MT,GALLATIN,30031,18.4
MT,GARFIELD,30033,28.4
MT,GLACIER,30035,28.8
MT,GOLDEN VALLEY,30037,33.2
MT,GRANITE,30039,31.1
MT,HILL,30041,24.5
MT,JEFFERSON,30043,26.8
MT,JUDITH BASIN,30045,30.8
MT,LAKE,30047,31.1
MT,LEWIS AND CLARK,30049,27.5
MT,LIBERTY,30051,27.5
MT,LINCOLN,30053,32.7
MT,MCCONE,30055,28.2
MT,MADISON,30057,28.0
MT,MEAGHER,30059,32.2
MT,MINERAL,30061,31.8
MT,MISSOULA,30063,22.2
MT,MUSSELSHELL,30065,32.3
MT,PARK,30067,29.1
MT,PETROLEUM,30069,30.7
MT,PHILLIPS,30071,30.8
MT,PONDERA,30073,29.4
MT,POWDER RIVER,30075,28.7
MT,POWELL,30077,25.9
MT,PRAIRIE,30079,32.3
MT,RAVALLI,30081,32.5
MT,RICHLAND,30083,24.6
MT,ROOSEVELT,30085,26.1
MT,ROSEBUD,30087,27.6
MT,SANDERS,30089,34.4
MT,SHERIDAN,30091,27.3
MT,SILVER BOW,30093,27.5
MT,STILLWATER,30095,29.4
MT,SWEET GRASS,30097,29.6
MT,TETON,30099,28.8
MT,TOOLE,30101,25.8
MT,TREASURE,30103,33.4
MT,VALLEY,30105,29.5
MT,WHEATLAND,30107,30.8
MT,WIBAUX,30109,30.7
MT,YELLOWSTONE,30111,25.4
NE,ADAMS,31001,25.9
NE,ANTELOPE,31003,29.2
NE,ARTHUR,31005,28.0
NE,BANNER,31007,31.4
NE,BLAINE,31009,29.0
NE,BOONE,31011,27.2
NE,BOX BUTTE,31013,27.3
NE,BOYD,31015,31.4
NE,BROWN,31017,29.8
NE,BUFFALO,31019,21.8
NE,BURT,31021,27.4
NE,BUTLER,31023,27.4
NE,CASS,31025,27.0
NE,CEDAR,31027,25.4
NE,CHASE,31029,26.1
NE,CHERRY,31031,27.1
NE,CHEYENNE,31033,24.9
NE,CLAY,31035,26.6
NE,COLFAX,31037,21.7
NE,CUMING,31039,26.4
NE,CUSTER,31041,27.8
NE,DAKOTA,31043,19.8
NE,DAWES,31045,22.5
NE,DAWSON,31047,24.4
NE,DEUEL,31049,29.8
NE,DIXON,31051,23.9
NE,DODGE,31053,26.4
NE,DOUGLAS,31055,21.7
NE,DUNDY,31057,29.5
NE,FILLMORE,31059,26.9
NE,FRANKLIN,31061,29.7
NE,FRONTIER,31063,27.0
NE,FURNAS,31065,30.1
NE,GAGE,31067,29.8
NE,GARDEN,31069,30.6
NE,GARFIELD,31071,27.6
NE,GOSPER,31073,26.6
NE,GRANT,31075,29.4
NE,GREELEY,31077,30.6
NE,HALL,31079,22.4
NE,HAMILTON,31081,24.8
NE,HARLAN,31083,30.8
NE,HAYES,31085,29.8
NE,HITCHCOCK,31087,33.3
NE,HOLT,31089,27.7
NE,HOOKER,31091,34.0
NE,HOWARD,31093,28.4
NE,JEFFERSON,31095,29.7
NE,JOHNSON,31097,25.2
NE,KEARNEY,31099,25.3
NE,KEITH,31101,30.8
NE,KEYA PAHA,31103,32.0
NE,KIMBALL,31105,31.0
NE,KNOX,31107,28.7
NE,LANCASTER,31109,19.1
NE,LINCOLN,31111,27.2
NE,LOGAN,31113,26.2
NE,LOUP,31115,29.4
NE,MCPHERSON,31117,28.5
NE,MADISON,31119,24.4
NE,MERRICK,31121,26.6
NE,MORRILL,31123,24.8
NE,NANCE,31125,28.4
NE,NEMAHA,31127,24.9
NE,NUCKOLLS,31129,31.0
NE,OTOE,31131,24.6
NE,PAWNEE,31133,31.9
NE,PERKINS,31135,26.2
NE,PHELPS,31137,27.7
NE,PIERCE,31139,25.0
NE,PLATTE,31141,23.8
NE,POLK,31143,25.6
NE,RED WILLOW,31145,26.2
NE,RICHARDSON,31147,30.8
NE,ROCK,31149,28.9
NE,SALINE,31151,22.2
NE,SARPY,31153,22.0
NE,SAUNDERS,31155,26.8
NE,SCOTTS BLUFF,31157,26.7
NE,SEWARD,31159,25.1
NE,SHERIDAN,31161,31.4
NE,SHERMAN,31163,30.7
NE,SIOUX,31165,28.5
NE,STANTON,31167,23.5
NE,THAYER,31169,30.2
NE,THOMAS,31171,27.1
NE,THURSTON,31173,28.3
NE,VALLEY,31175,29.5
NE,WASHINGTON,31177,24.2
NE,WAYNE,31179,21.3
NE,WEBSTER,31181,30.6
NE,WHEELER,31183,28.8
NE,YORK,31185,25.2
NV,CHURCHILL,32001,26.0
NV,CLARK,32003,20.0
NV,DOUGLAS,32005,30.0
NV,ELKO,32007,22.0
NV,ESMERALDA,32009,32.3
NV,EUREKA,32011,25.0
NV,HUMBOLDT,32013,21.4
NV,LANDER,32015,24.0
NV,LINCOLN,32017,26.3
NV,LYON,32019,30.3
NV,MINERAL,32021,32.5
NV,NYE,32023,33.3
NV,PERSHING,32027,23.3
NV,STOREY,32029,30.3
NV,WASHOE,32031,22.3
NV,WHITE PINE,32033,23.7
NV,CARSON CITY,32510,27.8
NH,BELKNAP,33001,29.0
NH,CARROLL,33003,31.3
NH,CHESHIRE,33005,26.3
NH,COOS,33007,32.4
NH,GRAFTON,33009,26.7
NH,HILLSBOROUGH,33011,24.4
NH,MERRIMACK,33013,25.7
NH,ROCKINGHAM,33015,27.6
NH,STRAFFORD,33017,24.2
NH,SULLIVAN,33019,29.1
NJ,ATLANTIC,34001,25.6
NJ,BERGEN,34003,21.5
NJ,BURLINGTON,34005,24.4
NJ,CAMDEN,34007,25.4
NJ,CAPE MAY,34009,28.7
NJ,CUMBERLAND,34011,26.3
NJ,ESSEX,34013,21.1
NJ,GLOUCESTER,34015,25.2
NJ,HUDSON,34017,18.3
NJ,HUNTERDON,34019,21.9
NJ,MERCER,34021,21.2
NJ,MIDDLESEX,34023,19.9
NJ,MONMOUTH,34025,23.7
NJ,MORRIS,34027,21.4
NJ,OCEAN,34029,30.2
NJ,PASSAIC,34031,22.1
NJ,SALEM,34033,29.8
NJ,SOMERSET,34035,18.9
NJ,SUSSEX,34037,23.7
NJ,UNION,34039,19.8
NJ,WARREN,34041,25.1
NM,BERNALILLO,35001,23.1
NM,CATRON,35003,34.0
NM,CHAVES,35005,24.5
NM,CIBOLA,35006,26.1
NM,COLFAX,35007,28.6
NM,CURRY,35009,24.9
NM,DEBACA,35011,30.6
NM,DONA ANA,35013,23.2
NM,EDDY,35015,23.1
NM,GRANT,35017,28.2
NM,GUADALUPE,35019,24.4
NM,HARDING,35021,31.2
NM,HIDALGO,35023,27.1
NM,LEA,35025,21.3
NM,LINCOLN,35027,30.7
NM,LOS ALAMOS,35028,23.5
NM,LUNA,35029,28.1
NM,MCKINLEY,35031,22.7
NM,MORA,35033,31.9
NM,OTERO,35035,23.7
NM,QUAY,35037,31.4
NM,RIO ARRIBA,35039,27.3
NM,ROOSEVELT,35041,22.1
NM,SANDOVAL,35043,24.1
NM,SAN JUAN,35045,23.8
NM,SAN MIGUEL,35047,28.3
NM,SANTA FE,35049,24.9
NM,SIERRA,35051,35.0
NM,SOCORRO,35053,28.7
NM,TAOS,35055,29.1
NM,TORRANCE,35057,28.2
NM,UNION,35059,23.9
NM,VALENCIA,35061,26.3
NY,ALBANY,36001,23.0
NY,ALLEGANY,36003,27.7
NY,BRONX,36005,22.1
NY,BROOME,36007,29.0
NY,CATTARAUGUS,36009,30.3
NY,CAYUGA,36011,26.7
NY,CHAUTAUQUA,36013,27.7
NY,CHEMUNG,36015,26.6
NY,CHENANGO,36017,30.5
NY,CLINTON,36019,25.4
NY,COLUMBIA,36021,29.8
NY,CORTLAND,36023,25.2
NY,DELAWARE,36025,31.7
NY,DUTCHESS,36027,26.8
NY,ERIE,36029,27.1
NY,ESSEX,36031,31.0
NY,FRANKLIN,36033,26.9
NY,FULTON,36035,29.8
NY,GENESEE,36037,28.0
NY,GREENE,36039,28.0
NY,HAMILTON,36041,33.7
NY,HERKIMER,36043,29.5
NY,JEFFERSON,36045,24.8
NY,KINGS,36047,20.2
NY,LEWIS,36049,27.8
NY,LIVINGSTON,36051,26.1
NY,MADISON,36053,26.8
NY,MONROE,36055,26.8
NY,MONTGOMERY,36057,29.6
NY,NASSAU,36059,24.4
NY,NEW YORK,36061,17.9
NY,NIAGARA,36063,30.1
NY,ONEIDA,36065,31.1
NY,ONONDAGA,36067,26.6
NY,ONTARIO,36069,27.5
NY,ORANGE,36071,23.9
NY,ORLEANS,36073,28.9
NY,OSWEGO,36075,29.1
NY,OTSEGO,36077,26.2
NY,PUTNAM,36079,24.9
NY,QUEENS,36081,19.4
NY,RENSSELAER,36083,26.8
NY,RICHMOND,36085,25.1
NY,ROCKLAND,36087,23.4
NY,ST. LAWRENCE,36089,27.4
NY,SARATOGA,36091,25.2
NY,SCHENECTADY,36093,26.3
NY,SCHOHARIE,36095,27.6
NY,SCHUYLER,36097,29.9
NY,SENECA,36099,28.2
NY,STEUBEN,36101,29.5
NY,SUFFOLK,36103,22.6
NY,SULLIVAN,36105,29.0
NY,TIOGA,36107,28.4
NY,TOMPKINS,36109,20.2
NY,ULSTER,36111,25.9
NY,WARREN,36113,28.4
NY,WASHINGTON,36115,26.1
NY,WAYNE,36117,28.6
NY,WESTCHESTER,36119,22.3
NY,WYOMING,36121,27.0
NY,YATES,36123,28.7
NC,ALAMANCE,37001,26.7
NC,ALEXANDER,37003,30.3
NC,ALLEGHANY,37005,32.9
NC,ANSON,37007,28.7
NC,ASHE,37009,32.4
NC,AVERY,37011,29.5
NC,BEAUFORT,37013,31.5
NC,BERTIE,37015,31.3
NC,BLADEN,37017,32.4
NC,BRUNSWICK,37019,33.0
NC,BUNCOMBE,37021,25.5
NC,BURKE,37023,29.8
NC,CABARRUS,37025,24.4
NC,CALDWELL,37027,28.9
NC,CAMDEN,37029,26.8
NC,CARTERET,37031,30.5
NC,CASWELL,37033,30.7
NC,CATAWBA,37035,26.2
NC,CHATHAM,37037,31.1
NC,CHEROKEE,37039,35.8
NC,CHOWAN,37041,33.5
NC,CLAY,37043,35.6
NC,CLEVELAND,37045,28.2
NC,COLUMBUS,37047,32.3
NC,CRAVEN,37049,26.3
NC,CUMBERLAND,37051,25.2
NC,CURRITUCK,37053,27.4
NC,DARE,37055,27.5
NC,DAVIDSON,37057,29.5
NC,DAVIE,37059,29.1
NC,DUPLIN,37061,31.6
NC,DURHAM,37063,22.2
NC,EDGECOMBE,37065,33.1
NC,FORSYTH,37067,26.5
NC,FRANKLIN,37069,28.7
NC,GASTON,37071,28.0
NC,GATES,37073,31.1
NC,GRAHAM,37075,33.4
NC,GRANVILLE,37077,27.3
NC,GREENE,37079,28.6
NC,GUILFORD,37081,24.9
NC,HALIFAX,37083,32.1
NC,HARNETT,37085,24.8
NC,HAYWOOD,37087,33.7
NC,HENDERSON,37089,30.9
NC,HERTFORD,37091,30.8
NC,HOKE,37093,23.5
NC,HYDE,37095,28.8
NC,IREDELL,37097,24.3
NC,JACKSON,37099,26.9
NC,JOHNSTON,37101,26.1
NC,JONES,37103,32.8
NC,LEE,37105,27.7
NC,LENOIR,37107,31.0
NC,LINCOLN,37109,27.0
NC,MCDOWELL,37111,31.0
NC,MACON,37113,32.9
NC,MADISON,37115,29.3
NC,MARTIN,37117,33.9
NC,MECKLENBURG,37119,22.1
NC,MITCHELL,37121,32.7
NC,MONTGOMERY,37123,31.4
NC,MOORE,37125,30.3
NC,NASH,37127,29.7
NC,NEW HANOVER,37129,25.3
NC,NORTHAMPTON,37131,36.1
NC,ONSLOW,37133,20.0
NC,ORANGE,37135,20.0
NC,PAMLICO,37137,32.4
NC,PASQUOTANK,37139,27.4
NC,PENDER,37141,28.8
NC,PERQUIMANS,37143,33.7
NC,PERSON,37145,30.3
NC,PITT,37147,22.4
NC,POLK,37149,32.8
NC,RANDOLPH,37151,27.9
NC,RICHMOND,37153,31.1
NC,ROBESON,37155,32.2
NC,ROCKINGHAM,37157,31.7
NC,ROWAN,37159,30.4
NC,RUTHERFORD,37161,31.7
NC,SAMPSON,37163,29.7
NC,SCOTLAND,37165,31.6
NC,STANLY,37167,28.2
NC,STOKES,37169,29.7
NC,SURRY,37171,32.5
NC,SWAIN,37173,30.6
NC,TRANSYLVANIA,37175,32.2
NC,TYRRELL,37177,30.0
NC,UNION,37179,23.8
NC,VANCE,37181,30.3
NC,WAKE,37183,19.8
NC,WARREN,37185,33.7
NC,WASHINGTON,37187,33.0
NC,WATAUGA,37189,23.4
NC,WAYNE,37191,27.9
NC,WILKES,37193,30.8
NC,WILSON,37195,30.7
NC,YADKIN,37197,31.0
NC,YANCEY,37199,32.7
ND,ADAMS,38001,28.6
ND,BARNES,38003,26.5
ND,BENSON,38005,29.3
ND,BILLINGS,38007,24.5
ND,BOTTINEAU,38009,26.1
ND,BOWMAN,38011,25.8
ND,BURKE,38013,28.0
ND,BURLEIGH,38015,24.5
ND,CASS,38017,18.3
ND,CAVALIER,38019,29.1
ND,DICKEY,38021,26.9
ND,DIVIDE,38023,27.8
ND,DUNN,38025,22.4
ND,EDDY,38027,30.2
ND,EMMONS,38029,31.4
ND,FOSTER,38031,27.7
ND,GOLDEN VALLEY,38033,27.8
ND,GRAND FORKS,38035,19.3
ND,GRANT,38037,31.8
ND,GRIGGS,38039,31.0
ND,HETTINGER,38041,28.0
ND,KIDDER,38043,28.2
ND,LAMOURE,38045,29.7
ND,LOGAN,38047,29.5
ND,MCHENRY,38049,26.4
ND,MCINTOSH,38051,29.9
ND,MCKENZIE,38053,18.8
ND,MCLEAN,38055,27.8
ND,MERCER,38057,25.1
ND,MORTON,38059,22.6
ND,MOUNTRAIL,38061,20.7
ND,NELSON,38063,30.4
ND,OLIVER,38065,26.6
ND,PEMBINA,38067,28.4
ND,PIERCE,38069,28.5
ND,RAMSEY,38071,25.7
ND,RANSOM,38073,27.1
ND,RENVILLE,38075,24.4
ND,RICHLAND,38077,21.8
ND,ROLETTE,38079,29.3
ND,SARGENT,38081,25.0
ND,SHERIDAN,38083,32.1
ND,SIOUX,38085,28.6
ND,SLOPE,38087,28.0
ND,STARK,38089,19.5
ND,STEELE,38091,27.7
ND,STUTSMAN,38093,25.6
ND,TOWNER,38095,31.2
ND,TRAILL,38097,24.8
ND,WALSH,38099,27.2
ND,WARD,38101,19.4
ND,WELLS,38103,29.8
ND,WILLIAMS,38105,18.7
OH,ADAMS,39001,33.8
OH,ALLEN,39003,27.2
OH,ASHLAND,39005,29.7
OH,ASHTABULA,39007,32.2
OH,ATHENS,39009,22.9
OH,AUGLAIZE,39011,29.3
OH,BELMONT,39013,28.9
OH,BROWN,39015,31.1
OH,BUTLER,39017,25.6
OH,CARROLL,39019,31.4
OH,CHAMPAIGN,39021,29.6
OH,CLARK,39023,31.4
OH,CLERMONT,39025,29.2
OH,CLINTON,39027,29.1
OH,COLUMBIANA,39029,32.8
OH,COSHOCTON,39031,31.5
OH,CRAWFORD,39033,30.5
OH,CUYAHOGA,39035,28.5
OH,DARKE,39037,30.1
OH,DEFIANCE,39039,28.9
OH,DELAWARE,39041,21.3
OH,ERIE,39043,30.6
OH,FAIRFIELD,39045,27.7
OH,FAYETTE,39047,29.8
OH,FRANKLIN,39049,23.3
OH,FULTON,39051,28.4
OH,GALLIA,39053,33.0
OH,GEAUGA,39055,29.5
OH,GREENE,39057,28.1
OH,GUERNSEY,39059,32.2
OH,HAMILTON,39061,25.0
OH,HANCOCK,39063,27.6
OH,HARDIN,39065,27.6
OH,HARRISON,39067,32.7
OH,HENRY,39069,28.7
OH,HIGHLAND,39071,33.6
OH,HOCKING,39073,33.1
OH,HOLMES,39075,26.3
OH,HURON,39077,29.8
OH,JACKSON,39079,32.7
OH,JEFFERSON,39081,34.1
OH,KNOX,39083,28.7
OH,LAKE,39085,29.4
OH,LAWRENCE,39087,33.5
OH,LICKING,39089,28.7
OH,LOGAN,39091,29.7
OH,LORAIN,39093,28.7
OH,LUCAS,39095,27.4
OH,MADISON,39097,27.1
OH,MAHONING,39099,29.4
OH,MARION,39101,31.2
OH,MEDINA,39103,27.7
OH,MEIGS,39105,33.6
OH,MERCER,39107,28.2
OH,MIAMI,39109,30.1
OH,MONROE,39111,32.6
OH,MONTGOMERY,39113,30.2
OH,MORGAN,39115,33.8
OH,MORROW,39117,28.9
OH,MUSKINGUM,39119,31.0
OH,NOBLE,39121,34.1
OH,OTTAWA,39123,32.5
OH,PAULDING,39125,29.2
OH,PERRY,39127,32.0
OH,PICKAWAY,39129,27.4
OH,PIKE,39131,33.3
OH,PORTAGE,39133,26.5
OH,PREBLE,39135,29.7
OH,PUTNAM,39137,25.4
OH,RICHLAND,39139,30.3
OH,ROSS,39141,30.6
OH,SANDUSKY,39143,27.5
OH,SCIOTO,39145,32.3
OH,SENECA,39147,28.5
OH,SHELBY,39149,27.9
OH,STARK,39151,31.4
OH,SUMMIT,39153,27.8
OH,TRUMBULL,39155,31.6
OH,TUSCARAWAS,39157,29.7
OH,UNION,39159,25.7
OH,VAN WERT,39161,30.7
OH,VINTON,39163,30.9
OH,WARREN,39165,23.9
OH,WASHINGTON,39167,33.3
OH,WAYNE,39169,28.0
OH,WILLIAMS,39171,29.4
OH,WOOD,39173,25.1
OH,WYANDOT,39175,30.4
OK,ADAIR,40001,32.6
OK,ALFALFA,40003,27.1
OK,ATOKA,40005,30.1
OK,BEAVER,40007,28.8
OK,BECKHAM,40009,24.9
OK,BLAINE,40011,28.9
OK,BRYAN,40013,30.1
OK,CADDO,40015,30.5
OK,CANADIAN,40017,22.2
OK,CARTER,40019,29.3
OK,CHEROKEE,40021,29.1
OK,CHOCTAW,40023,35.5
OK,CIMARRON,40025,32.1
OK,CLEVELAND,40027,24.7
OK,COAL,40029,34.7
OK,COMANCHE,40031,23.8
OK,COTTON,40033,29.6
OK,CRAIG,40035,30.9
OK,CREEK,40037,30.1
OK,CUSTER,40039,23.7
OK,DELAWARE,40041,34.5
OK,DEWEY,40043,29.7
OK,ELLIS,40045,30.9
OK,GARFIELD,40047,24.9
OK,GARVIN,40049,29.5
OK,GRADY,40051,26.3
OK,GRANT,40053,28.9
OK,GREER,40055,27.2
OK,HARMON,40057,30.9
OK,HARPER,40059,29.1
OK,HASKELL,40061,32.3
OK,HUGHES,40063,31.8
OK,JACKSON,40065,26.9
OK,JEFFERSON,40067,32.9
OK,JOHNSTON,40069,30.6
OK,KAY,40071,30.3
OK,KINGFISHER,40073,27.0
OK,KIOWA,40075,32.6
OK,LATIMER,40077,31.4
OK,LE FLORE,40079,30.3
OK,LINCOLN,40081,30.3
OK,LOGAN,40083,25.9
OK,LOVE,40085,30.0
OK,MCCLAIN,40087,26.8
OK,MCCURTAIN,40089,32.4
OK,MCINTOSH,40091,33.1
OK,MAJOR,40093,28.7
OK,MARSHALL,40095,32.1
OK,MAYES,40097,31.8
OK,MURRAY,40099,29.7
OK,MUSKOGEE,40101,31.0
OK,NOBLE,40103,30.6
OK,NOWATA,40105,31.7
OK,OKFUSKEE,40107,32.0
OK,OKLAHOMA,40109,22.4
OK,OKMULGEE,40111,29.9
OK,OSAGE,40113,31.1
OK,OTTAWA,40115,30.4
OK,PAWNEE,40117,29.9
OK,PAYNE,40119,20.3
OK,PITTSBURG,40121,30.9
OK,PONTOTOC,40123,27.3
OK,POTTAWATOMIE,40125,27.4
OK,PUSHMATAHA,40127,35.9
OK,ROGER MILLS,40129,29.7
OK,ROGERS,40131,28.7
OK,SEMINOLE,40133,32.8
OK,SEQUOYAH,40135,33.3
OK,STEPHENS,40137,30.4
OK,TEXAS,40139,23.1
OK,TILLMAN,40141,29.8
OK,TULSA,40143,24.6
OK,WAGONER,40145,27.4
OK,WASHINGTON,40147,30.7
OK,WASHITA,40149,28.6
OK,WOODS,40151,24.2
OK,WOODWARD,40153,25.2
OR,BAKER,41001,31.5
OR,BENTON,41003,22.0
OR,CLACKAMAS,41005,24.1
OR,CLATSOP,41007,28.7
OR,COLUMBIA,41009,28.5
OR,COOS,41011,33.6
OR,CROOK,41013,33.0
OR,CURRY,41015,34.3
OR,DESCHUTES,41017,28.1
OR,DOUGLAS,41019,31.4
OR,GILLIAM,41021,32.1
OR,GRANT,41023,33.3
OR,HARNEY,41025,31.4
OR,HOOD RIVER,41027,25.2
OR,JACKSON,41029,29.3
OR,JEFFERSON,41031,29.0
OR,JOSEPHINE,41033,33.6
OR,KLAMATH,41035,30.2
OR,LAKE,41037,30.8
OR,LANE,41039,24.7
OR,LINCOLN,41041,34.1
OR,LINN,41043,28.6
OR,MALHEUR,41045,26.1
OR,MARION,41047,25.0
OR,MORROW,41049,24.7
OR,MULTNOMAH,41051,21.9
OR,POLK,41053,25.9
OR,SHERMAN,41055,32.1
OR,TILLAMOOK,41057,29.7
OR,UMATILLA,41059,26.0
OR,UNION,41061,27.8
OR,WALLOWA,41063,32.0
OR,WASCO,41065,29.5
OR,WASHINGTON,41067,21.2
OR,WHEELER,41069,36.6
OR,YAMHILL,41071,26.8
PA,ADAMS,42001,29.4
PA,ALLEGHENY,42003,30.2
PA,ARMSTRONG,42005,33.4
PA,BEAVER,42007,31.2
PA,BEDFORD,42009,33.3
PA,BERKS,42011,28.0
PA,BLAIR,42013,32.2
PA,BRADFORD,42015,31.9
PA,BUCKS,42017,26.8
PA,BUTLER,42019,31.2
PA,CAMBRIA,42021,33.2
PA,CAMERON,42023,35.0
PA,CARBON,42025,32.7
PA,CENTRE,42027,21.7
PA,CHESTER,42029,26.3
PA,CLARION,42031,29.8
PA,CLEARFIELD,42033,30.0
PA,CLINTON,42035,29.6
PA,COLUMBIA,42037,29.0
PA,CRAWFORD,42039,32.0
PA,CUMBERLAND,42041,27.3
PA,DAUPHIN,42043,29.6
PA,DELAWARE,42045,27.4
PA,ELK,42047,31.8
PA,ERIE,42049,30.9
PA,FAYETTE,42051,33.9
PA,FOREST,42053,29.3
PA,FRANKLIN,42055,30.8
PA,FULTON,42057,31.7
PA,GREENE,42059,29.2
PA,HUNTINGDON,42061,30.6
PA,INDIANA,42063,29.5
PA,JEFFERSON,42065,32.4
PA,JUNIATA,42067,31.8
PA,LACKAWANNA,42069,30.0
PA,LANCASTER,42071,28.1
PA,LAWRENCE,42073,33.7
PA,LEBANON,42075,29.8
PA,LEHIGH,42077,30.2
PA,LUZERNE,42079,30.6
PA,LYCOMING,42081,30.4
PA,MC KEAN,42083,31.8
PA,MERCER,42085,32.4
PA,MIFFLIN,42087,32.4
PA,MONROE,42089,27.7
PA,MONTGOMERY,42091,28.3
PA,MONTOUR,42093,31.3
PA,NORTHAMPTON,42095,28.2
PA,NORTHUMBERLAND,42097,33.2
PA,PERRY,42099,29.0
PA,PHILADELPHIA,42101,25.5
PA,PIKE,42103,30.2
PA,POTTER,42105,33.7
PA,SCHUYLKILL,42107,31.0
PA,SNYDER,42109,29.5
PA,SOMERSET,42111,31.7
PA,SULLIVAN,42113,34.9
PA,SUSQUEHANNA,42115,31.2
PA,TIOGA,42117,30.7
PA,UNION,42119,27.1
PA,VENANGO,42121,33.7
PA,WARREN,42123,32.5
PA,WASHINGTON,42125,30.3
PA,WAYNE,42127,30.6
PA,WESTMORELAND,42129,31.3
PA,WYOMING,42131,31.3
PA,YORK,42133,30.1
RI,BRISTOL,44001,27.2
RI,KENT,44003,29.7
RI,NEWPORT,44005,27.2
RI,PROVIDENCE,44007,24.4
RI,WASHINGTON,44009,26.9
SC,ABBEVILLE,45001,32.6
SC,AIKEN,45003,30.8
SC,ALLENDALE,45005,31.3
SC,ANDERSON,45007,29.5
SC,BAMBERG,45009,30.3
SC,BARNWELL,45011,30.3
SC,BEAUFORT,45013,27.1
SC,BERKELEY,45015,26.6
SC,CALHOUN,45017,32.9
SC,CHARLESTON,45019,22.8
SC,CHEROKEE,45021,29.5
SC,CHESTER,45023,30.7
SC,CHESTERFIELD,45025,33.1
SC,CLARENDON,45027,32.5
SC,COLLETON,45029,33.2
SC,DARLINGTON,45031,31.4
SC,DILLON,45033,33.4
SC,DORCHESTER,45035,24.8
SC,EDGEFIELD,45037,28.3
SC,FAIRFIELD,45039,33.8
SC,FLORENCE,45041,28.8
SC,GEORGETOWN,45043,35.2
SC,GREENVILLE,45045,24.4
SC,GREENWOOD,45047,32.2
SC,HAMPTON,45049,31.6
SC,HORRY,45051,33.4
SC,JASPER,45053,30.5
SC,KERSHAW,45055,29.4
SC,LANCASTER,45057,31.6
SC,LAURENS,45059,31.6
SC,LEE,45061,33.3
SC,LEXINGTON,45063,28.4
SC,MCCORMICK,45065,37.7
SC,MARION,45067,35.3
SC,MARLBORO,45069,30.6
SC,NEWBERRY,45071,31.4
SC,OCONEE,45073,32.5
SC,ORANGEBURG,45075,30.7
SC,PICKENS,45077,24.8
SC,RICHLAND,45079,24.3
SC,SALUDA,45081,32.2
SC,SPARTANBURG,45083,27.8
SC,SUMTER,45085,28.2
SC,UNION,45087,32.5
SC,WILLIAMSBURG,45089,33.7
SC,YORK,45091,25.9
SD,AURORA,46003,24.8
SD,BEADLE,46005,25.9
SD,BENNETT,46007,28.2
SD,BON HOMME,46009,25.3
SD,BROOKINGS,46011,16.6
SD,BROWN,46013,24.6
SD,BRULE,46015,25.2
SD,BUFFALO,46017,28.0
SD,BUTTE,46019,27.4
SD,CAMPBELL,46021,28.0
SD,CHARLES MIX,46023,27.9
SD,CLARK,46025,26.1
SD,CLAY,46027,17.4
SD,CODINGTON,46029,24.8
SD,CORSON,46031,29.4
SD,CUSTER,46033,29.7
SD,DAVISON,46035,22.5
SD,DAY,46037,30.0
SD,DEUEL,46039,25.7
SD,DEWEY,46041,24.5
SD,DOUGLAS,46043,27.2
SD,EDMUNDS,46045,27.1
SD,FALL RIVER,46047,30.1
SD,FAULK,46049,28.9
SD,GRANT,46051,27.2
SD,GREGORY,46053,29.7
SD,HAAKON,46055,29.4
SD,HAMLIN,46057,22.6
SD,HAND,46059,27.0
SD,HANSON,46061,23.4
SD,HARDING,46063,24.5
SD,HUGHES,46065,21.9
SD,HUTCHINSON,46067,26.5
SD,HYDE,46069,27.1
SD,JACKSON,46071,24.4
SD,JERAULD,46073,28.2
SD,JONES,46075,28.2
SD,KINGSBURY,46077,26.6
SD,LAKE,46079,25.8
SD,LAWRENCE,46081,24.2
SD,LINCOLN,46083,20.5
SD,LYMAN,46085,26.3
SD,MCCOOK,46087,24.4
SD,MCPHERSON,46089,29.7
SD,MARSHALL,46091,24.9
SD,MEADE,46093,23.0
SD,MELLETTE,46095,29.2
SD,MINER,46097,26.6
SD,MINNEHAHA,46099,21.3
SD,MOODY,46101,25.4
SD,SHANNON,46102,25.9
SD,PENNINGTON,46103,26.6
SD,PERKINS,46105,27.3
SD,POTTER,46107,28.5
SD,ROBERTS,46109,26.7
SD,SANBORN,46111,24.7
SD,SPINK,46115,27.5
SD,STANLEY,46117,24.1
SD,SULLY,46119,25.4
SD,TODD,46121,25.6
SD,TRIPP,46123,28.9
SD,TURNER,46125,25.5
SD,UNION,46127,21.7
SD,WALWORTH,46129,27.8
SD,YANKTON,46135,23.5
SD,ZIEBACH,46137,25.8
TN,ANDERSON,47001,35.6
TN,BEDFORD,47003,30.6
TN,BENTON,47005,38.3
TN,BLEDSOE,47007,32.5
TN,BLOUNT,47009,32.5
TN,BRADLEY,47011,30.0
TN,CAMPBELL,47013,36.0
TN,CANNON,47015,33.0
TN,CARROLL,47017,35.5
TN,CARTER,47019,36.2
TN,CHEATHAM,47021,30.3
TN,CHESTER,47023,29.8
TN,CLAIBORNE,47025,33.4
TN,CLAY,47027,38.6
TN,COCKE,47029,36.1
TN,COFFEE,47031,31.9
TN,CROCKETT,47033,33.0
TN,CUMBERLAND,47035,38.1
TN,DAVIDSON,47037,24.4
TN,DECATUR,47039,35.0
TN,DEKALB,47041,33.1
TN,DICKSON,47043,31.7
TN,DYER,47045,31.9
TN,FAYETTE,47047,32.8
TN,FENTRESS,47049,38.5
TN,FRANKLIN,47051,33.1
TN,GIBSON,47053,34.4
TN,GILES,47055,33.7
TN,GRAINGER,47057,34.9
TN,GREENE,47059,34.9
TN,GRUNDY,47061,37.3
TN,HAMBLEN,47063,33.5
TN,HAMILTON,47065,27.3
TN,HANCOCK,47067,36.8
TN,HARDEMAN,47069,34.3
TN,HARDIN,47071,37.7
TN,HAWKINS,47073,34.7
TN,HAYWOOD,47075,34.9
TN,HENDERSON,47077,32.7
TN,HENRY,47079,34.4
TN,HICKMAN,47081,32.7
TN,HOUSTON,47083,35.5
TN,HUMPHREYS,47085,32.4
TN,JACKSON,47087,38.3
TN,JEFFERSON,47089,33.3
TN,JOHNSON,47091,34.8
TN,KNOX,47093,27.9
TN,LAKE,47095,30.1
TN,LAUDERDALE,47097,34.0
TN,LAWRENCE,47099,33.9
TN,LEWIS,47101,34.8
TN,LINCOLN,47103,33.8
TN,LOUDON,47105,36.0
TN,MCMINN,47107,34.8
TN,MCNAIRY,47109,34.6
TN,MACON,47111,31.2
TN,MADISON,47113,28.7
TN,MARION,47115,33.1
TN,MARSHALL,47117,30.7
TN,MAURY,47119,32.6
TN,MEIGS,47121,35.6
TN,MONROE,47123,36.5
TN,MONTGOMERY,47125,23.9
TN,MOORE,47127,32.7
TN,MORGAN,47129,32.4
TN,OBION,47131,34.5
TN,OVERTON,47133,34.2
TN,PERRY,47135,36.0
TN,PICKETT,47137,37.3
TN,POLK,47139,34.4
TN,PUTNAM,47141,30.4
TN,RHEA,47143,33.3
TN,ROANE,47145,36.0
TN,ROBERTSON,47147,30.3
TN,RUTHERFORD,47149,25.6
TN,SCOTT,47151,33.9
TN,SEQUATCHIE,47153,34.7
TN,SEVIER,47155,33.6
TN,SHELBY,47157,25.3
TN,SMITH,47159,31.2
TN,STEWART,47161,32.9
TN,SULLIVAN,47163,32.5
TN,SUMNER,47165,29.7
TN,TIPTON,47167,30.4
TN,TROUSDALE,47169,32.1
TN,UNICOI,47171,37.1
TN,UNION,47173,34.4
TN,VAN BUREN,47175,35.8
TN,WARREN,47177,34.2
TN,WASHINGTON,47179,29.7
TN,WAYNE,47181,33.3
TN,WEAKLEY,47183,29.9
TN,WHITE,47185,34.2
TN,WILLIAMSON,47187,25.7
TN,WILSON,47189,28.4
TX,ANDERSON,48001,23.1
TX,ANDREWS,48003,18.6
TX,ANGELINA,48005,24.7
TX,ARANSAS,48007,29.6
TX,ARCHER,48009,25.2
TX,ARMSTRONG,48011,25.4
TX,ATASCOSA,48013,21.1
TX,AUSTIN,48015,24.3
TX,BAILEY,48017,24.6
TX,BANDERA,48019,28.7
TX,BASTROP,48021,22.2
TX,BAYLOR,48023,28.3
TX,BEE,48025,19.3
TX,BELL,48027,21.4
TX,BEXAR,48029,20.8
TX,BLANCO,48031,27.9
TX,BORDEN,48033,24.8
TX,BOSQUE,48035,28.1
TX,BOWIE,48037,26.4
TX,BRAZORIA,48039,20.2
TX,BRAZOS,48041,13.7
TX,BREWSTER,48043,25.9
TX,BRISCOE,48045,29.8
TX,BROOKS,48047,27.5
TX,BROWN,48049,26.4
TX,BURLESON,48051,26.3
TX,BURNET,48053,27.6
TX,CALDWELL,48055,22.5
TX,CALHOUN,48057,23.4
TX,CALLAHAN,48059,26.8
TX,CAMERON,48061,20.8
TX,CAMP,48063,26.8
TX,CARSON,48065,24.1
TX,CASS,48067,28.9
TX,CASTRO,48069,24.4
TX,CHAMBERS,48071,20.9
TX,CHEROKEE,48073,25.6
TX,CHILDRESS,48075,21.6
TX,CLAY,48077,27.0
TX,COCHRAN,48079,24.8
TX,COKE,48081,28.7
TX,COLEMAN,48083,29.3
TX,COLLIN,48085,17.4
TX,COLLINGSWORTH,48087,26.9
TX,COLORADO,48089,26.8
TX,COMAL,48091,24.8
TX,COMANCHE,48093,28.1
TX,CONCHO,48095,19.8
TX,COOKE,48097,24.8
TX,CORYELL,48099,17.8
TX,COTTLE,48101,29.7
TX,CRANE,48103,19.6
TX,CROCKETT,48105,21.8
TX,CROSBY,48107,26.7
TX,CULBERSON,48109,26.0
TX,DALLAM,48111,20.1
TX,DALLAS,48113,20.3
TX,DAWSON,48115,20.8
TX,DEAF SMITH,48117,21.8
TX,DELTA,48119,28.8
TX,DENTON,48121,18.6
TX,DEWITT,48123,26.1
TX,DICKENS,48125,25.8
TX,DIMMIT,48127,22.0
TX,DONLEY,48129,27.2
TX,DUVAL,48131,23.6
TX,EASTLAND,48133,28.3
TX,ECTOR,48135,17.5
TX,EDWARDS,48137,27.1
TX,ELLIS,48139,20.1
TX,EL PASO,48141,18.5
TX,ERATH,48143,21.3
TX,FALLS,48145,26.0
TX,FANNIN,48147,25.5
TX,FAYETTE,48149,27.3
TX,FISHER,48151,27.0
TX,FLOYD,48153,26.4
TX,FOARD,48155,30.1
TX,FORT BEND,48157,17.9
TX,FRANKLIN,48159,27.7
TX,FREESTONE,48161,25.4
TX,FRIO,48163,19.4
TX,GAINES,48165,19.0
TX,GALVESTON,48167,21.8
TX,GARZA,48169,17.9
TX,GILLESPIE,48171,29.8
TX,GLASSCOCK,48173,20.8
TX,GOLIAD,48175,26.4
TX,GONZALES,48177,25.4
TX,GRAY,48179,23.8
TX,GRAYSON,48181,26.1
TX,GREGG,48183,23.1
TX,GRIMES,48185,25.0
TX,GUADALUPE,48187,22.3
TX,HALE,48189,22.9
TX,HALL,48191,30.8
TX,HAMILTON,48193,29.5
TX,HANSFORD,48195,23.2
TX,HARDEMAN,48197,27.5
TX,HARDIN,48199,23.4
TX,HARRIS,48201,17.8
TX,HARRISON,48203,25.7
TX,HARTLEY,48205,20.0
TX,HASKELL,48207,26.6
TX,HAYS,48209,17.0
TX,HEMPHILL,48211,22.4
TX,HENDERSON,48213,28.1
TX,HIDALGO,48215,20.4
TX,HILL,48217,28.0
TX,HOCKLEY,48219,21.4
TX,HOOD,48221,28.0
TX,HOPKINS,48223,26.4
TX,HOUSTON,48225,28.8
TX,HOWARD,48227,20.8
TX,HUDSPETH,48229,27.0
TX,HUNT,48231,24.4
TX,HUTCHINSON,48233,23.6
TX,IRION,48235,24.9
TX,JACK,48237,23.2
TX,JACKSON,48239,24.0
TX,JASPER,48241,28.0
TX,JEFF DAVIS,48243,30.6
TX,JEFFERSON,48245,22.8
TX,JIM HOGG,48247,22.5
TX,JIM WELLS,48249,21.3
TX,JOHNSON,48251,22.9
TX,JONES,48253,21.5
TX,KARNES,48255,21.5
TX,KAUFMAN,48257,21.9
TX,KENDALL,48259,24.8
TX,KENEDY,48261,24.2
TX,KENT,48263,28.6
TX,KERR,48265,29.1
TX,KIMBLE,48267,30.5
TX,KING,48269,26.5
TX,KINNEY,48271,26.3
TX,KLEBERG,48273,19.0
TX,KNOX,48275,26.9
TX,LAMAR,48277,27.0
TX,LAMB,48279,26.3
TX,LAMPASAS,48281,25.3
TX,LA SALLE,48283,19.2
TX,LAVACA,48285,26.7
TX,LEE,48287,24.1
TX,LEON,48289,28.1
TX,LIBERTY,48291,22.8
TX,LIMESTONE,48293,26.6
TX,LIPSCOMB,48295,21.7
TX,LIVE OAK,48297,24.4
TX,LLANO,48299,32.8
TX,LOVING,48301,27.2
TX,LUBBOCK,48303,19.6
TX,LYNN,48305,25.3
TX,MCCULLOCH,48307,27.6
TX,MCLENNAN,48309,22.6
TX,MCMULLEN,48311,25.1
TX,MADISON,48313,21.6
TX,MARION,48315,30.9
TX,MARTIN,48317,20.7
TX,MASON,48319,29.9
TX,MATAGORDA,48321,24.7
TX,MAVERICK,48323,20.9
TX,MEDINA,48325,22.0
TX,MENARD,48327,30.3
TX,MIDLAND,48329,17.8
TX,MILAM,48331,27.4
TX,MILLS,48333,29.6
TX,MITCHELL,48335,19.1
TX,MONTAGUE,48337,28.0
TX,MONTGOMERY,48339,20.9
TX,MOORE,48341,20.5
TX,MORRIS,48343,28.3
TX,MOTLEY,48345,32.9
TX,NACOGDOCHES,48347,23.2
TX,NAVARRO,48349,25.5
TX,NEWTON,48351,25.1
TX,NOLAN,48353,25.0
TX,NUECES,48355,22.5
TX,OCHILTREE,48357,20.1
TX,OLDHAM,48359,24.4
TX,ORANGE,48361,24.5
TX,PALO PINTO,48363,26.3
TX,PANOLA,48365,25.6
TX,PARKER,48367,23.6
TX,PARMER,48369,22.2
TX,PECOS,48371,18.6
TX,POLK,48373,27.1
TX,POTTER,48375,22.9
TX,PRESIDIO,48377,26.0
TX,RAINS,48379,28.1
TX,RANDALL,48381,21.4
TX,REAGAN,48383,19.9
TX,REAL,48385,31.4
TX,RED RIVER,48387,30.9
TX,REEVES,48389,18.2
TX,REFUGIO,48391,25.6
TX,ROBERTS,48393,24.4
TX,ROBERTSON,48395,26.5
TX,ROCKWALL,48397,20.6
TX,RUNNELS,48399,27.8
TX,RUSK,48401,24.5
TX,SABINE,48403,33.6
TX,SAN AUGUSTINE,48405,32.5
TX,SAN JACINTO,48407,28.5
TX,SAN PATRICIO,48409,22.0
TX,SAN SABA,48411,26.5
TX,SCHLEICHER,48413,22.7
TX,SCURRY,48415,21.0
TX,SHACKELFORD,48417,26.7
TX,SHELBY,48419,27.0
TX,SHERMAN,48421,22.7
TX,SMITH,48423,22.8
TX,SOMERVELL,48425,25.1
TX,STARR,48427,21.5
TX,STEPHENS,48429,25.9
TX,STERLING,48431,24.7
TX,STONEWALL,48433,31.3
TX,SUTTON,48435,21.7
TX,SWISHER,48437,25.3
TX,TARRANT,48439,18.6
TX,TAYLOR,48441,22.7
TX,TERRELL,48443,26.9
TX,TERRY,48445,23.5
TX,THROCKMORTON,48447,29.4
TX,TITUS,48449,22.8
TX,TOM GREEN,48451,20.4
TX,TRAVIS,48453,14.6
TX,TRINITY,48455,31.1
TX,TYLER,48457,26.6
TX,UPSHUR,48459,25.5
TX,UPTON,48461,21.8
TX,UVALDE,48463,23.2
TX,VAL VERDE,48465,20.4
TX,VAN ZANDT,48467,26.4
TX,VICTORIA,48469,23.1
TX,WALKER,48471,20.1
TX,WALLER,48473,18.9
TX,WARD,48475,22.3
TX,WASHINGTON,48477,25.9
TX,WEBB,48479,19.1
TX,WHARTON,48481,24.3
TX,WHEELER,48483,24.2
TX,WICHITA,48485,23.8
TX,WILBARGER,48487,25.0
TX,WILLACY,48489,22.2
TX,WILLIAMSON,48491,19.3
TX,WILSON,48493,23.1
TX,WINKLER,48495,19.8
TX,WISE,48497,24.1
TX,WOOD,48499,29.6
TX,YOAKUM,48501,20.7
TX,YOUNG,48503,27.3
TX,ZAPATA,48505,21.4
TX,ZAVALA,48507,22.3
UT,BEAVER,49001,24.3
UT,BOX ELDER,49003,23.6
UT,CACHE,49005,16.0
UT,CARBON,49007,28.2
UT,DAGGETT,49009,25.1
UT,DAVIS,49011,20.9
UT,DUCHESNE,49013,23.0
UT,EMERY,49015,27.8
UT,GARFIELD,49017,28.9
UT,GRAND,49019,26.8
UT,IRON,49021,23.0
UT,JUAB,49023,24.8
UT,KANE,49025,28.6
UT,MILLARD,49027,24.9
UT,MORGAN,49029,22.7
UT,PIUTE,49031,32.5
UT,RICH,49033,27.4
UT,SALT LAKE,49035,18.7
UT,SAN JUAN,49037,26.7
UT,SANPETE,49039,22.1
UT,SEVIER,49041,26.4
UT,SUMMIT,49043,20.5
UT,TOOELE,49045,21.6
UT,UINTAH,49047,20.5
UT,UTAH,49049,15.1
UT,WASATCH,49051,19.0
UT,WASHINGTON,49053,26.5
UT,WAYNE,49055,27.9
UT,WEBER,49057,22.8
VT,ADDISON,50001,23.3
VT,BENNINGTON,50003,29.6
VT,CALEDONIA,50005,29.5
VT,CHITTENDEN,50007,21.2
VT,ESSEX,50009,32.6
VT,FRANKLIN,50011,26.6
VT,GRAND ISLE,50013,29.6
VT,LAMOILLE,50015,25.2
VT,ORANGE,50017,29.2
VT,ORLEANS,50019,26.7
VT,RUTLAND,50021,29.4
VT,WASHINGTON,50023,25.3
VT,WINDHAM,50025,27.9
VT,WINDSOR,50027,29.9
VA,ACCOMACK,51001,32.3
VA,ALBEMARLE,51003,22.2
VA,ALLEGHANY,51005,31.5
VA,AMELIA,51007,27.4
VA,AMHERST,51009,27.2
VA,APPOMATTOX,51011,27.8
VA,ARLINGTON,51013,16.0
VA,AUGUSTA,51015,27.6
VA,BATH,51017,31.1
VA,BEDFORD,51019,27.5
VA,BLAND,51021,26.0
VA,BOTETOURT,51023,26.8
VA,BRUNSWICK,51025,29.9
VA,BUCHANAN,51027,32.0
VA,BUCKINGHAM,51029,28.3
VA,CAMPBELL,51031,26.3
VA,CAROLINE,51033,25.6
VA,CARROLL,51035,31.0
VA,CHARLES CITY,51036,30.3
VA,CHARLOTTE,51037,30.6
VA,CHESTERFIELD,51041,23.1
VA,CLARKE,51043,27.1
VA,CRAIG,51045,29.5
VA,CULPEPER,51047,25.4
VA,CUMBERLAND,51049,30.0
VA,DICKENSON,51051,29.8
VA,DINWIDDIE,51053,27.5
VA,ESSEX,51057,29.2
VA,FAIRFAX,51059,17.3
VA,FAUQUIER,51061,22.9
VA,FLOYD,51063,28.7
VA,FLUVANNA,51065,24.6
VA,FRANKLIN,51067,29.8
VA,FREDERICK,51069,24.3
VA,GILES,51071,28.4
VA,GLOUCESTER,51073,26.9
VA,GOOCHLAND,51075,26.7
VA,GRAYSON,51077,30.8
VA,GREENE,51079,26.0
VA,GREENSVILLE,51081,26.1
VA,HALIFAX,51083,32.0
VA,HANOVER,51085,25.0
VA,HENRICO,51087,23.6
VA,HENRY,51089,31.7
VA,HIGHLAND,51091,33.9
VA,ISLE OF WIGHT,51093,26.9
VA,JAMES CITY,51095,27.1
VA,KING AND QUEEN,51097,30.2
VA,KING GEORGE,51099,22.9
VA,KING WILLIAM,51101,24.6
VA,LANCASTER,51103,34.6
VA,LEE,51105,30.3
VA,LOUDOUN,51107,16.4
VA,LOUISA,51109,26.7
VA,LUNENBURG,51111,29.7
VA,MADISON,51113,29.6
VA,MATHEWS,51115,29.7
VA,MECKLENBURG,51117,32.3
VA,MIDDLESEX,51119,31.8
VA,MONTGOMERY,51121,17.7
VA,NELSON,51125,31.1
VA,NEW KENT,51127,24.3
VA,NORTHAMPTON,51131,33.4
VA,NORTHUMBERLAND,51133,32.4
VA,NOTTOWAY,51135,28.2
VA,ORANGE,51137,26.8
VA,PAGE,51139,28.0
VA,PATRICK,51141,32.3
VA,PITTSYLVANIA,51143,30.2
VA,POWHATAN,51145,24.9
VA,PRINCE EDWARD,51147,23.3
VA,PRINCE GEORGE,51149,21.3
VA,PRINCE WILLIAM,51153,18.9
VA,PULASKI,51155,28.7
VA,RAPPAHANNOCK,51157,29.4
VA,RICHMOND,51159,27.6
VA,ROANOKE,51161,27.9
VA,ROCKBRIDGE,51163,31.7
VA,ROCKINGHAM,51165,27.1
VA,RUSSELL,51167,32.3
VA,SCOTT,51169,31.8
VA,SHENANDOAH,51171,27.5
VA,SMYTH,51173,29.9
VA,SOUTHAMPTON,51175,29.9
VA,SPOTSYLVANIA,51177,24.4
VA,STAFFORD,51179,19.9
VA,SURRY,51181,29.5
VA,SUSSEX,51183,26.5
VA,TAZEWELL,51185,29.6
VA,WARREN,51187,24.8
VA,WASHINGTON,51191,28.0
VA,WESTMORELAND,51193,30.3
VA,WISE,51195,29.4
VA,WYTHE,51197,29.5
VA,YORK,51199,22.8
VA,ALEXANDRIA CITY,51510,18.1
VA,BRISTOL CITY,51520,28.7
VA,BUENA VISTA CITY,51530,28.1
VA,CHARLOTTESVILLE CITY,51540,18.7
VA,CHESAPEAKE CITY,51550,22.4
VA,COLONIAL HEIGHTS CITY,51570,27.3
VA,COVINGTON CITY,51580,29.0
VA,DANVILLE CITY,51590,29.5
VA,EMPORIA CITY,51595,31.1
VA,FAIRFAX CITY,51600,20.5
VA,FALLS CHURCH CITY,51610,20.9
VA,FRANKLIN CITY,51620,29.9
VA,FREDERICKSBURG CITY,51630,19.5
VA,GALAX CITY,51640,30.6
VA,HAMPTON CITY,51650,24.9
VA,HARRISONBURG CITY,51660,17.6
VA,HOPEWELL CITY,51670,27.0
VA,LEXINGTON CITY,51678,18.4
VA,LYNCHBURG CITY,51680,21.7
VA,MANASSAS CITY,51683,18.6
VA,MANASSAS PARK CITY,51685,17.9
VA,MARTINSVILLE CITY,51690,31.8
VA,NEWPORT NEWS CITY,51700,23.8
VA,NORFOLK CITY,51710,20.3
VA,NORTON CITY,51720,26.5
VA,PETERSBURG CITY,51730,26.8
VA,POQUOSON CITY,51735,25.7
VA,PORTSMOUTH CITY,51740,25.6
VA,RADFORD CITY,51750,17.8
VA,RICHMOND CITY,51760,20.4
VA,ROANOKE CITY,51770,24.8
VA,SALEM CITY,51775,25.2
VA,STAUNTON CITY,51790,27.7
VA,SUFFOLK CITY,51800,24.8
VA,VIRGINIA BEACH CITY,51810,19.7
VA,WAYNESBORO CITY,51820,26.6
VA,WILLIAMSBURG CITY,51830,19.0
VA,WINCHESTER CITY,51840,24.3
WA,ADAMS,53001,22.9
WA,ASOTIN,53003,31.0
WA,BENTON,53005,24.2
WA,CHELAN,53007,27.9
WA,CLALLAM,53009,32.8
WA,CLARK,53011,25.6
WA,COLUMBIA,53013,35.2
WA,COWLITZ,53015,29.9
WA,DOUGLAS,53017,25.6
WA,FERRY,53019,34.4
WA,FRANKLIN,53021,20.5
WA,GARFIELD,53023,33.8
WA,GRANT,53025,24.7
WA,GRAYS HARBOR,53027,29.4
WA,ISLAND,53029,29.0
WA,JEFFERSON,53031,35.5
WA,KING,53033,19.2
WA,KITSAP,53035,24.6
WA,KITTITAS,53037,22.2
WA,KLICKITAT,53039,31.0
WA,LEWIS,53041,33.4
WA,LINCOLN,53043,34.5
WA,MASON,53045,31.2
WA,OKANOGAN,53047,33.1
WA,PACIFIC,53049,36.7
WA,PEND OREILLE,53051,36.1
WA,PIERCE,53053,25.1
WA,SAN JUAN,53055,30.6
WA,SKAGIT,53057,28.4
WA,SKAMANIA,53059,28.8
WA,SNOHOMISH,53061,23.4
WA,SPOKANE,53063,26.5
WA,STEVENS,53065,34.1
WA,THURSTON,53067,25.3
WA,WAHKIAKUM,53069,37.6
WA,WALLA WALLA,53071,25.4
WA,WHATCOM,53073,24.2
WA,WHITMAN,53075,19.2
WA,YAKIMA,53077,23.9
WV,BARBOUR,54001,37.3
WV,BERKELEY,54003,31.2
WV,BOONE,54005,37.7
WV,BRAXTON,54007,40.0
WV,BROOKE,54009,37.6
WV,CABELL,54011,33.1
WV,CALHOUN,54013,40.0
WV,CLAY,54015,42.0
WV,DODDRIDGE,54017,36.4
WV,FAYETTE,54019,38.9
WV,GILMER,54021,31.2
WV,GRANT,54023,38.5
WV,GREENBRIER,54025,39.2
WV,HAMPSHIRE,54027,39.1
WV,HANCOCK,54029,39.7
WV,HARDY,54031,36.1
WV,HARRISON,54033,34.7
WV,JACKSON,54035,38.1
WV,JEFFERSON,54037,30.6
WV,KANAWHA,54039,36.6
WV,LEWIS,54041,39.5
WV,LINCOLN,54043,40.0
WV,LOGAN,54045,40.3
WV,MCDOWELL,54047,41.7
WV,MARION,54049,34.1
WV,MARSHALL,54051,36.6
WV,MASON,54053,39.0
WV,MERCER,54055,38.4
WV,MINERAL,54057,36.7
WV,MINGO,54059,38.7
WV,MONONGALIA,54061,23.2
WV,MONROE,54063,38.9
WV,MORGAN,54065,39.1
WV,NICHOLAS,54067,40.2
WV,OHIO,54069,35.3
WV,PENDLETON,54071,40.7
WV,PLEASANTS,54073,35.9
WV,POCAHONTAS,54075,40.1
WV,PRESTON,54077,32.9
WV,PUTNAM,54079,33.5
WV,RALEIGH,54081,36.8
WV,RANDOLPH,54083,37.5
WV,RITCHIE,54085,38.7
WV,ROANE,54087,40.9
WV,SUMMERS,54089,39.9
WV,TAYLOR,54091,37.8
WV,TUCKER,54093,37.1
WV,TYLER,54095,39.7
WV,UPSHUR,54097,34.5
WV,WAYNE,54099,37.3
WV,WEBSTER,54101,42.7
WV,WETZEL,54103,39.9
WV,WIRT,54105,37.3
WV,WOOD,54107,39.1
WV,WYOMING,54109,39.5
WI,ADAMS,55001,31.9
WI,ASHLAND,55003,27.8
WI,BARRON,55005,27.1
WI,BAYFIELD,55007,31.4
WI,BROWN,55009,22.8
WI,BUFFALO,55011,28.2
WI,BURNETT,55013,32.2
WI,CALUMET,55015,22.9
WI,CHIPPEWA,55017,25.5
WI,CLARK,55019,27.5
WI,COLUMBIA,55021,23.9
WI,CRAWFORD,55023,28.7
WI,DANE,55025,20.5
WI,DODGE,55027,25.2
WI,DOOR,55029,31.2
WI,DOUGLAS,55031,26.0
WI,DUNN,55033,21.7
WI,EAU CLAIRE,55035,20.1
WI,FLORENCE,55037,30.7
WI,FOND DU LAC,55039,25.5
WI,FOREST,55041,29.6
WI,GRANT,55043,23.8
WI,GREEN,55045,25.7
WI,GREEN LAKE,55047,28.6
WI,IOWA,55049,26.4
WI,IRON,55051,31.9
WI,JACKSON,55053,27.7
WI,JEFFERSON,55055,22.3
WI,JUNEAU,55057,27.9
WI,KENOSHA,55059,24.4
WI,KEWAUNEE,55061,27.0
WI,LA CROSSE,55063,23.9
WI,LAFAYETTE,55065,26.0
WI,LANGLADE,55067,31.1
WI,LINCOLN,55069,29.7
WI,MANITOWOC,55071,26.0
WI,MARATHON,55073,27.2
WI,MARINETTE,55075,30.7
WI,MARQUETTE,55077,29.8
WI,MENOMINEE,55078,32.8
WI,MILWAUKEE,55079,24.7
WI,MONROE,55081,25.6
WI,OCONTO,55083,27.2
WI,ONEIDA,55085,28.1
WI,OUTAGAMIE,55087,21.8
WI,OZAUKEE,55089,25.1
WI,PEPIN,55091,29.2
WI,PIERCE,55093,22.0
WI,POLK,55095,27.1
WI,PORTAGE,55097,21.2
WI,PRICE,55099,31.7
WI,RACINE,55101,25.3
WI,RICHLAND,55103,28.8
WI,ROCK,55105,25.5
WI,RUSK,55107,30.4
WI,ST. CROIX,55109,20.8
WI,SAUK,55111,24.3
WI,SAWYER,55113,31.0
WI,SHAWANO,55115,27.8
WI,SHEBOYGAN,55117,24.6
WI,TAYLOR,55119,27.9
WI,TREMPEALEAU,55121,24.8
WI,VERNON,55123,27.7
WI,VILAS,55125,34.3
WI,WALWORTH,55127,24.1
WI,WASHBURN,55129,30.4
WI,WASHINGTON,55131,24.0
WI,WAUKESHA,55133,25.1
WI,WAUPACA,55135,27.7
WI,WAUSHARA,55137,29.5
WI,WINNEBAGO,55139,23.0
WI,WOOD,55141,27.1
WY,ALBANY,56001,17.7
WY,BIG HORN,56003,29.8
WY,CAMPBELL,56005,21.1
WY,CARBON,56007,24.5
WY,CONVERSE,56009,23.4
WY,CROOK,56011,26.1
WY,FREMONT,56013,27.4
WY,GOSHEN,56015,27.6
WY,HOT SPRINGS,56017,30.4
WY,JOHNSON,56019,27.2
WY,LARAMIE,56021,25.1
WY,LINCOLN,56023,24.9
WY,NATRONA,56025,23.3
WY,NIOBRARA,56027,27.8
WY,PARK,56029,28.6
WY,PLATTE,56031,27.9
WY,SHERIDAN,56033,23.7
WY,SUBLETTE,56035,23.2
WY,SWEETWATER,56037,22.5
WY,TETON,56039,20.1
WY,UINTA,56041,25.0
WY,WASHAKIE,56043,25.9
WY,WESTON,56045,26.0
